owner,repo,full_name,html_url,,,,stars,forks,language,created_at,updated_at,default_branch,zipball_url,apk_release_count,latest_apk_date_utc,fdroid_in_readme,has_manifest,default_branch.1,manifest_paths,is_verify_gp,downloads,rate,parsed_rate,apk_release_count,latest_apk_date_utc,fdroid_pkg,fdroid_apk_count
AnySoftKeyboard,AnySoftKeyboard,AnySoftKeyboard/AnySoftKeyboard,https://github.com/AnySoftKeyboard/AnySoftKeyboard,link,1,keyboard,3098,886,Java,2012-04-18T12:38:01Z,2025-09-29T09:05:19Z,main,https://api.github.com/repos/AnySoftKeyboard/AnySoftKeyboard/zipball/main,5,2025-08-23T20:52:39+00:00,TRUE,TRUE,main,addons/base/apk/src/main/AndroidManifest.xml;addons/base/apk/src/test/AndroidManifest.xml;addons/base/src/main/AndroidManifest.xml;addons/languages/afrikaans_oss/pack/src/main/AndroidManifest.xml;addons/languages/arabic/pack/src/main/AndroidManifest.xml;addons/languages/armenian2/pack/src/main/AndroidManifest.xml;addons/languages/basque/pack/src/main/AndroidManifest.xml;addons/languages/belarusian/pack/src/main/AndroidManifest.xml;addons/languages/brazilian/pack/src/main/AndroidManifest.xml;addons/languages/bribri/pack/src/main/AndroidManifest.xml;addons/languages/bulgarian/pack/src/main/AndroidManifest.xml;addons/languages/catalan/pack/src/main/AndroidManifest.xml;addons/languages/coptic/pack/src/main/AndroidManifest.xml;addons/languages/croatian/pack/src/main/AndroidManifest.xml;addons/languages/czech/pack/src/main/AndroidManifest.xml;addons/languages/danish/pack/src/main/AndroidManifest.xml;addons/languages/dutch/pack/src/main/AndroidManifest.xml;addons/languages/english/pack/src/main/AndroidManifest.xml;addons/languages/esperanto/pack/src/main/AndroidManifest.xml;addons/languages/finnish/pack/src/main/AndroidManifest.xml,TRUE,1M+,3.6,3.6,5,2025-08-23T20:52:39+00:00,com.menny.android.anysoftkeyboard,3
Kaljurand,K6nele,Kaljurand/K6nele,https://github.com/Kaljurand/K6nele,link,0,audio,284,81,Java,2011-12-21T12:57:58Z,2025-09-16T18:55:14Z,master,https://api.github.com/repos/Kaljurand/K6nele/zipball/master,5,2024-03-06T23:07:41+00:00,TRUE,TRUE,master,app/src/main/AndroidManifest.xml,TRUE,10K+,1,1,5,2024-03-06T23:07:41+00:00,ee.ioc.phon.android.speak,3
00-Evan,shattered-pixel-dungeon,00-Evan/shattered-pixel-dungeon,https://github.com/00-Evan/shattered-pixel-dungeon,link,0,game,5519,1301,Java,2014-07-31T21:56:31Z,2025-09-29T09:08:45Z,master,https://api.github.com/repos/00-Evan/shattered-pixel-dungeon/zipball/master,5,2025-09-30T16:39:15+00:00,TRUE,TRUE,master,android/src/main/AndroidManifest.xml,TRUE,1M+,4.8,4.8,5,2025-09-30T16:39:15+00:00,com.shatteredpixel.shatteredpixeldungeon,3
ikarus23,MifareClassicTool,ikarus23/MifareClassicTool,https://github.com/ikarus23/MifareClassicTool,link,0,IOT,5367,963,Java,2013-02-12T15:39:03Z,2025-09-29T09:49:40Z,master,https://api.github.com/repos/ikarus23/MifareClassicTool/zipball/master,5,2024-08-31T16:42:50+00:00,TRUE,TRUE,master,Mifare Classic Tool/app/src/main/AndroidManifest.xml,TRUE,1M+,4.6,4.6,5,2024-08-31T16:42:50+00:00,de.syss.MifareClassicToolDonate,3
erickok,transdroid,erickok/transdroid,https://github.com/erickok/transdroid,link,0,torrent,1389,207,Java,2013-06-28T12:11:20Z,2025-09-18T02:02:52Z,master,https://api.github.com/repos/erickok/transdroid/zipball/master,5,2024-11-10T14:55:34+00:00,TRUE,TRUE,master,app/src/main/AndroidManifest.xml,TRUE,100K+,4.5,4.5,5,2024-11-10T14:55:34+00:00,org.transdroid.lite,3
jonasoreland,runnerup,jonasoreland/runnerup,https://github.com/jonasoreland/runnerup,link,0,GPS,847,287,Java,2012-11-27T18:47:48Z,2025-09-29T02:47:37Z,master,https://api.github.com/repos/jonasoreland/runnerup/zipball/master,5,2025-06-01T17:07:13+00:00,TRUE,TRUE,master,app/AndroidManifest.xml;common/src/main/AndroidManifest.xml;hrdevice/AndroidManifest.xml;wear/src/main/AndroidManifest.xml,TRUE,50K+,4.2,4.2,5,2025-06-01T17:07:13+00:00,org.runnerup,0
haiwen,seadroid,haiwen/seadroid,https://github.com/haiwen/seadroid,link,0,cloud,592,284,Java,2012-11-28T10:54:37Z,2025-09-14T05:45:31Z,master,https://api.github.com/repos/haiwen/seadroid/zipball/master,5,2025-08-30T10:09:15+00:00,TRUE,TRUE,master,app/src/main/AndroidManifest.xml,TRUE,100K+,3.8,3.8,5,2025-08-30T10:09:15+00:00,com.seafile.seadroid2,3
ThibaudM,timelapse-sony,ThibaudM/timelapse-sony,https://github.com/ThibaudM/timelapse-sony,link,0,hardware,139,33,Java,2013-12-22T07:28:31Z,2025-03-28T13:46:44Z,master,https://api.github.com/repos/ThibaudM/timelapse-sony/zipball/master,5,2018-02-07T23:40:35+00:00,TRUE,TRUE,master,app/src/main/AndroidManifest.xml,TRUE,100K+,3,3,5,2018-02-07T23:40:35+00:00,com.thibaudperso.sonycamera,3
simlar,simlar-android,simlar/simlar-android,https://github.com/simlar/simlar-android,link,0,dial,101,15,Java,2013-10-06T17:32:32Z,2025-09-23T16:16:43Z,master,https://api.github.com/repos/simlar/simlar-android/zipball/master,0,,TRUE,TRUE,master,app/src/main/AndroidManifest.xml,TRUE,10K+,4,4,0,,org.simlar,9
marcosdiez,shareviahttp,marcosdiez/shareviahttp,https://github.com/marcosdiez/shareviahttp,link,0,share files,185,37,Java,2015-03-14T19:11:37Z,2025-09-23T14:42:27Z,master,https://api.github.com/repos/marcosdiez/shareviahttp/zipball/master,5,2024-03-13T00:13:37+00:00,TRUE,TRUE,master,ShareViaHttp/app/src/main/AndroidManifest.xml,TRUE,50K+,4.5,4.5,5,2024-03-13T00:13:37+00:00,com.MarcosDiez.shareviahttp,3
nextgis,android_gisapp,nextgis/android_gisapp,https://github.com/nextgis/android_gisapp,link,0,GIS,137,108,Java,2014-12-24T01:00:31Z,2025-09-28T14:54:27Z,master,https://api.github.com/repos/nextgis/android_gisapp/zipball/master,5,2016-12-28T11:00:25+00:00,TRUE,TRUE,master,app/src/main/AndroidManifest.xml,TRUE,10K+,4.6,4.6,5,2016-12-28T11:00:25+00:00,com.nextgis.mobile,3
pmarks-net,chromadoze,pmarks-net/chromadoze,https://github.com/pmarks-net/chromadoze,link,0,voice,106,17,Java,2015-03-15T00:49:44Z,2025-09-17T18:10:47Z,master,https://api.github.com/repos/pmarks-net/chromadoze/zipball/master,5,2025-07-27T21:19:16+00:00,TRUE,TRUE,master,app/src/main/AndroidManifest.xml,TRUE,100K+,4.7,4.7,5,2025-07-27T21:19:16+00:00,net.pmarks.chromadoze,3
agateau,pixelwheels,agateau/pixelwheels,https://github.com/agateau/pixelwheels,link,0,game,446,64,Java,2015-05-19T21:34:16Z,2025-09-25T08:04:58Z,master,https://api.github.com/repos/agateau/pixelwheels/zipball/master,5,2025-07-18T17:06:58+00:00,TRUE,TRUE,master,android/AndroidManifest.xml,TRUE,10K+,,,5,2025-07-18T17:06:58+00:00,com.agateau.tinywheels.android,3
Universite-Gustave-Eiffel,NoiseCapture,Universite-Gustave-Eiffel/NoiseCapture,https://github.com/Universite-Gustave-Eiffel/NoiseCapture,link,0,voice,110,50,Java,2015-03-25T14:45:36Z,2025-09-25T09:28:06Z,master,https://api.github.com/repos/Universite-Gustave-Eiffel/NoiseCapture/zipball/master,5,2025-07-08T11:00:45+00:00,TRUE,TRUE,master,app/src/main/AndroidManifest.xml,TRUE,100K+,3.6,3.6,5,2025-07-08T11:00:45+00:00,org.noise_planet.noisecapture,3
janheinrichmerker,material-intro,janheinrichmerker/material-intro,https://github.com/janheinrichmerker/material-intro,link,0,demo,1730,304,Java,2016-02-18T21:20:47Z,2025-09-17T03:39:54Z,master,https://api.github.com/repos/janheinrichmerker/material-intro/zipball/master,5,2017-03-21T10:02:43+00:00,TRUE,TRUE,master,app/src/main/AndroidManifest.xml,TRUE,10K+,3.7,3.7,5,2017-03-21T10:02:43+00:00,sun.bob.leela,0
lexica,lexica,lexica/lexica,https://github.com/lexica/lexica,link,0,game,321,97,Java,2015-11-26T05:45:52Z,2025-09-23T22:56:19Z,master,https://api.github.com/repos/lexica/lexica/zipball/master,5,2024-07-23T11:34:08+00:00,TRUE,TRUE,master,app/src/main/AndroidManifest.xml,TRUE,10K+,4.6,4.6,5,2024-07-23T11:34:08+00:00,com.serwylo.lexica,3
zamojski,TowerCollector,zamojski/TowerCollector,https://github.com/zamojski/TowerCollector,link,0,location,291,37,Java,2016-02-29T19:17:31Z,2025-09-23T15:55:53Z,master,https://api.github.com/repos/zamojski/TowerCollector/zipball/master,5,2025-08-31T19:21:16+00:00,TRUE,TRUE,master,app/src/main/AndroidManifest.xml,TRUE,100K+,3.7,3.7,5,2025-08-31T19:21:16+00:00,info.zamojski.soft.towercollector,3
airbnb,lottie-android,airbnb/lottie-android,https://github.com/airbnb/lottie-android,link,0,demo,35482,5446,Java,2016-10-06T22:42:42Z,2025-09-29T10:40:18Z,master,https://api.github.com/repos/airbnb/lottie-android/zipball/master,5,2018-09-24T07:11:06+00:00,TRUE,TRUE,master,app-benchmark/src/main/AndroidManifest.xml;baselineprofile/src/main/AndroidManifest.xml;benchmark/src/main/AndroidManifest.xml;issue-repro-compose/src/main/AndroidManifest.xml;issue-repro/src/main/AndroidManifest.xml;lottie/src/main/AndroidManifest.xml;sample-compose/src/main/AndroidManifest.xml;sample/src/main/AndroidManifest.xml;snapshot-tests/src/main/AndroidManifest.xml,TRUE,100K+,4.4,4.4,5,2018-09-24T07:11:06+00:00,com.airbnb.lottie,0
proninyaroslav,libretorrent,proninyaroslav/libretorrent,https://github.com/proninyaroslav/libretorrent,link,0,torrent,2820,261,Java,2016-10-18T15:38:44Z,2025-09-29T02:49:52Z,master,https://api.github.com/repos/proninyaroslav/libretorrent/zipball/master,5,2025-08-12T06:11:54+00:00,TRUE,TRUE,master,app/src/main/AndroidManifest.xml,TRUE,1M+,3.8,3.8,5,2025-08-12T06:11:54+00:00,org.proninyaroslav.libretorrent,12
LawnchairLauncher,lawnchair,LawnchairLauncher/lawnchair,https://github.com/LawnchairLauncher/lawnchair,link,0,home app,11220,1366,Java,2017-03-03T13:12:58Z,2025-09-29T09:13:18Z,15-dev,https://api.github.com/repos/LawnchairLauncher/lawnchair/zipball/15-dev,5,2025-09-28T01:32:53+00:00,TRUE,TRUE,15-dev,AndroidManifest.xml;github/AndroidManifest.xml;go/AndroidManifest.xml;lawnchair/AndroidManifest.xml;nightly/AndroidManifest.xml;quickstep/AndroidManifest.xml;systemUI/anim/AndroidManifest.xml;systemUI/common/AndroidManifest.xml;systemUI/log/AndroidManifest.xml;systemUI/plugin/AndroidManifest.xml;systemUI/plugin/ExamplePlugin/AndroidManifest.xml;systemUI/plugin_core/AndroidManifest.xml;systemUI/shared/AndroidManifest.xml;systemUI/viewcapture/AndroidManifest.xml;systemUI/viewcapture/tests/AndroidManifest.xml;tests/AndroidManifest.xml;tests/multivalentTests/dummy_app/AndroidManifest.xml;tests/multivalentTests/shared/AndroidManifest.xml;tests/tapl/AndroidManifest.xml;wmshell/AndroidManifest.xml,TRUE,100K+,,,5,2025-09-28T01:32:53+00:00,app.lawnchair.play,0
nikita36078,J2ME-Loader,nikita36078/J2ME-Loader,https://github.com/nikita36078/J2ME-Loader,link,0,emulator,2365,226,Java,2017-05-21T16:23:08Z,2025-09-27T04:56:21Z,master,https://api.github.com/repos/nikita36078/J2ME-Loader/zipball/master,5,2024-08-07T20:34:17+00:00,TRUE,TRUE,master,app/src/main/AndroidManifest.xml,TRUE,1M+,4.3,4.3,5,2024-08-07T20:34:17+00:00,ru.playsoftware.j2meloader,3
x-falcon,Virtual-Hosts,x-falcon/Virtual-Hosts,https://github.com/x-falcon/Virtual-Hosts,link,0,hosts,1522,258,Java,2017-04-24T03:54:49Z,2025-09-28T16:37:22Z,main,https://api.github.com/repos/x-falcon/Virtual-Hosts/zipball/main,5,2019-10-09T13:18:32+00:00,TRUE,TRUE,main,app/src/main/AndroidManifest.xml,TRUE,10K+,4.2,4.2,5,2019-10-09T13:18:32+00:00,com.github.xfalcon.vhosts,1
Delta-Icons,android,Delta-Icons/android,https://github.com/Delta-Icons/android,link,0,home app,738,133,Java,2016-11-23T16:14:17Z,2025-09-29T09:53:24Z,master,https://api.github.com/repos/Delta-Icons/android/zipball/master,5,2025-09-27T16:39:27+00:00,TRUE,TRUE,master,app/src/main/AndroidManifest.xml,TRUE,1M+,4.7,4.7,5,2025-09-27T16:39:27+00:00,website.leifs.delta,0
signalwareltd,AndroidDvbDriver,signalwareltd/AndroidDvbDriver,https://github.com/signalwareltd/AndroidDvbDriver,link,0,driver,224,85,Java,2017-02-22T15:41:19Z,2025-09-18T22:33:31Z,master,https://api.github.com/repos/signalwareltd/AndroidDvbDriver/zipball/master,5,2024-08-11T19:56:37+00:00,TRUE,TRUE,master,app/src/main/AndroidManifest.xml,TRUE,100K+,2.9,2.9,5,2024-08-11T19:56:37+00:00,net.petrjanousek.DVBTTelevizor,0
BiglySoftware,BiglyBT-Android,BiglySoftware/BiglyBT-Android,https://github.com/BiglySoftware/BiglyBT-Android,link,0,torrent,489,54,Java,2017-08-15T18:21:54Z,2025-09-29T02:42:03Z,master,https://api.github.com/repos/BiglySoftware/BiglyBT-Android/zipball/master,5,2023-09-22T23:20:58+00:00,TRUE,TRUE,master,app/src/main/AndroidManifest.xml,TRUE,100K+,4.3,4.3,5,2023-09-22T23:20:58+00:00,com.biglybt.android.client,3
zeevy,grblcontroller,zeevy/grblcontroller,https://github.com/zeevy/grblcontroller,link,0,emulator,214,75,Java,2017-10-25T10:18:07Z,2025-09-24T09:20:44Z,master,https://api.github.com/repos/zeevy/grblcontroller/zipball/master,5,2019-03-31T07:58:29+00:00,TRUE,TRUE,master,app/src/main/AndroidManifest.xml,TRUE,50K+,4.4,4.4,5,2019-03-31T07:58:29+00:00,in.co.gorest.grblcontroller,0
pp3345,ykDroid,pp3345/ykDroid,https://github.com/pp3345/ykDroid,link,0,NFC,102,15,Java,2017-09-30T14:20:49Z,2025-09-24T20:31:25Z,master,https://api.github.com/repos/pp3345/ykDroid/zipball/master,5,2023-06-04T11:32:14+00:00,TRUE,TRUE,master,app/src/main/AndroidManifest.xml,TRUE,1M+,4.4,4.4,5,2023-06-04T11:32:14+00:00,net.pp3345.ykdroid,3
AlphaWallet,alpha-wallet-android,AlphaWallet/alpha-wallet-android,https://github.com/AlphaWallet/alpha-wallet-android,link,0,wallet,628,560,Java,2018-02-04T03:50:02Z,2025-09-25T21:03:14Z,master,https://api.github.com/repos/AlphaWallet/alpha-wallet-android/zipball/master,5,2024-12-01T05:02:51+00:00,TRUE,TRUE,master,app/src/main/AndroidManifest.xml,TRUE,100K+,4.5,4.5,5,2024-12-01T05:02:51+00:00,io.stormbird.wallet,0
pranavpandey,dynamic-support,pranavpandey/dynamic-support,https://github.com/pranavpandey/dynamic-support,link,0,library,267,30,Java,2018-02-14T17:20:51Z,2025-09-27T02:00:40Z,master,https://api.github.com/repos/pranavpandey/dynamic-support/zipball/master,5,2024-08-09T12:27:51+00:00,TRUE,TRUE,master,dynamic-support/src/main/AndroidManifest.xml;sample/src/main/AndroidManifest.xml,TRUE,10K+,3.8,3.8,5,2024-08-09T12:27:51+00:00,com.pristineusa.android.speechtotext,0
zhanghai,TextSelectionWebSearch,zhanghai/TextSelectionWebSearch,https://github.com/zhanghai/TextSelectionWebSearch,link,0,plugin,114,14,Java,2018-07-09T05:51:10Z,2025-09-26T10:14:51Z,master,https://api.github.com/repos/zhanghai/TextSelectionWebSearch/zipball/master,5,2025-07-02T23:30:47+00:00,TRUE,TRUE,master,app/src/main/AndroidManifest.xml,TRUE,10K+,4.6,4.6,5,2025-07-02T23:30:47+00:00,me.zhanghai.android.textselectionwebsearch,3
devgianlu,DNSHero,devgianlu/DNSHero,https://github.com/devgianlu/DNSHero,link,0,DNS,107,15,Java,2018-03-27T13:39:07Z,2025-09-28T06:47:20Z,master,https://api.github.com/repos/devgianlu/DNSHero/zipball/master,5,2023-06-08T15:27:17+00:00,TRUE,TRUE,master,app/src/main/AndroidManifest.xml,TRUE,10K+,3.8,3.8,5,2023-06-08T15:27:17+00:00,com.gianlu.dnshero,3
devgianlu,Aria2Android,devgianlu/Aria2Android,https://github.com/devgianlu/Aria2Android,link,0,client,516,37,Java,2018-09-08T13:14:40Z,2025-09-28T15:45:49Z,master,https://api.github.com/repos/devgianlu/Aria2Android/zipball/master,5,2023-10-12T08:57:38+00:00,TRUE,TRUE,master,app/src/main/AndroidManifest.xml,TRUE,10K+,4.3,4.3,5,2023-10-12T08:57:38+00:00,com.gianlu.aria2android,3
markusfisch,PieLauncher,markusfisch/PieLauncher,https://github.com/markusfisch/PieLauncher,link,0,home app,461,52,Java,2019-12-13T21:10:33Z,2025-09-27T09:52:33Z,master,https://api.github.com/repos/markusfisch/PieLauncher/zipball/master,5,2025-06-30T18:20:34+00:00,TRUE,TRUE,master,app/src/main/AndroidManifest.xml,TRUE,100K+,4,4,5,2025-06-30T18:20:34+00:00,de.markusfisch.android.pielauncher,3
green-green-avk,AnotherTerm,green-green-avk/AnotherTerm,https://github.com/green-green-avk/AnotherTerm,link,0,VPN,219,22,Java,2020-01-24T18:42:42Z,2025-09-29T07:02:05Z,master,https://api.github.com/repos/green-green-avk/AnotherTerm/zipball/master,5,2024-05-27T23:03:38+00:00,TRUE,TRUE,master,app/src/main/AndroidManifest.xml,TRUE,10K+,3.6,3.6,5,2024-05-27T23:03:38+00:00,green_green_avk.anotherterm,0
warren-bank,Android-ExoPlayer-AirPlay-Receiver,warren-bank/Android-ExoPlayer-AirPlay-Receiver,https://github.com/warren-bank/Android-ExoPlayer-AirPlay-Receiver,link,0,plugin,199,27,Java,2020-02-25T23:55:01Z,2025-09-27T12:04:53Z,v03,https://api.github.com/repos/warren-bank/Android-ExoPlayer-AirPlay-Receiver/zipball/v03,5,2025-03-20T06:00:53+00:00,TRUE,TRUE,v03,android-studio-project/ExoPlayer-AirPlay-Receiver/src/main/AndroidManifest.xml,TRUE,10K+,4.5,4.5,5,2025-03-20T06:00:53+00:00,com.wethole.mpcrc,0
bk138,droidVNC-NG,bk138/droidVNC-NG,https://github.com/bk138/droidVNC-NG,link,0,VPN,1797,251,Java,2020-11-26T13:33:06Z,2025-09-28T22:47:46Z,master,https://api.github.com/repos/bk138/droidVNC-NG/zipball/master,5,2025-09-19T05:53:31+00:00,TRUE,TRUE,master,app/src/main/AndroidManifest.xml,TRUE,100K+,4.4,4.4,5,2025-09-19T05:53:31+00:00,net.christianbeier.droidvnc_ng,3
Arcticons-Team,Arcticons,Arcticons-Team/Arcticons,https://github.com/Arcticons-Team/Arcticons,link,0,home app,1255,373,Java,2020-10-23T11:38:17Z,2025-09-29T08:19:07Z,main,https://api.github.com/repos/Arcticons-Team/Arcticons/zipball/main,5,2025-08-28T19:15:23+00:00,TRUE,TRUE,main,app/src/main/AndroidManifest.xml,TRUE,100K+,4.8,4.8,5,2025-08-28T19:15:23+00:00,com.donnnno.arcticons,3
patzly,doodle-android,patzly/doodle-android,https://github.com/patzly/doodle-android,link,0,home app,778,46,Java,2020-12-13T15:51:17Z,2025-09-28T02:41:40Z,main,https://api.github.com/repos/patzly/doodle-android/zipball/main,5,2024-10-31T16:35:49+00:00,TRUE,TRUE,main,app/src/main/AndroidManifest.xml,TRUE,100K+,4.5,4.5,5,2024-10-31T16:35:49+00:00,xyz.zedler.patrick.doodle,3
airmessage,airmessage-android,airmessage/airmessage-android,https://github.com/airmessage/airmessage-android,link,0,library,173,27,Java,2021-01-01T22:23:20Z,2025-09-11T16:01:13Z,main,https://api.github.com/repos/airmessage/airmessage-android/zipball/main,5,2022-10-31T11:51:03+00:00,TRUE,TRUE,main,app/src/main/AndroidManifest.xml,TRUE,100K+,2.5,2.5,5,2022-10-31T11:51:03+00:00,me.tagavari.airmessage,3
ykasidit,bluetooth_gnss,ykasidit/bluetooth_gnss,https://github.com/ykasidit/bluetooth_gnss,link,0,hardware,104,27,Java,2020-10-17T02:00:31Z,2025-09-25T09:52:22Z,master,https://api.github.com/repos/ykasidit/bluetooth_gnss/zipball/master,5,2025-08-19T01:55:16+00:00,TRUE,TRUE,master,android/app/src/debug/AndroidManifest.xml;android/app/src/main/AndroidManifest.xml;android/app/src/profile/AndroidManifest.xml,TRUE,50K+,3.9,3.9,5,2025-08-19T01:55:16+00:00,net.dinglisch.android.taskerm,0
doubleangels,nextdnsmanager,doubleangels/nextdnsmanager,https://github.com/doubleangels/nextdnsmanager,link,0,DNS,469,29,Java,2021-06-12T10:38:16Z,2025-09-28T00:30:55Z,main,https://api.github.com/repos/doubleangels/nextdnsmanager/zipball/main,5,2025-09-18T22:21:56+00:00,TRUE,TRUE,main,app/src/main/AndroidManifest.xml,TRUE,100K+,4.2,4.2,5,2025-09-18T22:21:56+00:00,com.doubleangels.nextdnsmanagement,3
tyron12233,CodeAssist,tyron12233/CodeAssist,https://github.com/tyron12233/CodeAssist,link,0,code editor,1122,253,Java,2021-08-16T11:30:27Z,2025-09-24T16:03:08Z,main,https://api.github.com/repos/tyron12233/CodeAssist/zipball/main,5,2022-03-29T13:49:55+00:00,TRUE,TRUE,main,app/src/main/AndroidManifest.xml,TRUE,100K+,,,5,2022-03-29T13:49:55+00:00,com.tyron.code,0
schorschii,FsClock-Android,schorschii/FsClock-Android,https://github.com/schorschii/FsClock-Android,link,0,plugin,128,44,Java,2021-09-28T21:02:20Z,2025-09-18T05:56:56Z,master,https://api.github.com/repos/schorschii/FsClock-Android/zipball/master,5,2025-07-15T07:17:02+00:00,TRUE,TRUE,master,app/src/main/AndroidManifest.xml,TRUE,1M+,4.3,4.3,5,2025-07-15T07:17:02+00:00,systems.sieber.fsclock,3
mikepenz,MaterialDrawer,mikepenz/MaterialDrawer,https://github.com/mikepenz/MaterialDrawer,link,0,library,11659,2036,Kotlin,2015-01-31T17:37:10Z,2025-09-26T13:37:20Z,develop,https://api.github.com/repos/mikepenz/MaterialDrawer/zipball/develop,5,2025-02-02T10:16:41+00:00,TRUE,TRUE,develop,app/src/main/AndroidManifest.xml,TRUE,100K+,,,5,2025-02-02T10:16:41+00:00,work.twob.threed,0
mikepenz,Android-Iconics,mikepenz/Android-Iconics,https://github.com/mikepenz/Android-Iconics,link,0,library,5238,615,Kotlin,2014-11-01T19:43:56Z,2025-09-16T03:57:23Z,develop,https://api.github.com/repos/mikepenz/Android-Iconics/zipball/develop,5,2024-05-30T09:20:02+00:00,TRUE,TRUE,develop,app/src/main/AndroidManifest.xml,TRUE,10K+,4.4,4.4,5,2024-05-30T09:20:02+00:00,com.mikepenz.iconics.sample,0
owncloud,android,owncloud/android,https://github.com/owncloud/android,link,0,cloud server manager,4022,3082,Kotlin,2012-08-25T10:35:56Z,2025-09-29T09:34:13Z,master,https://api.github.com/repos/owncloud/android/zipball/master,5,2025-08-12T10:44:29+00:00,TRUE,TRUE,master,owncloudApp/src/debug/AndroidManifest.xml;owncloudApp/src/main/AndroidManifest.xml;owncloudComLibrary/src/main/AndroidManifest.xml;owncloudData/src/main/AndroidManifest.xml;owncloudDomain/src/main/AndroidManifest.xml;owncloudTestUtil/src/main/AndroidManifest.xml,TRUE,100K+,4.3,4.3,5,2025-08-12T10:44:29+00:00,com.owncloud.android,3
gotev,android-upload-service,gotev/android-upload-service,https://github.com/gotev/android-upload-service,link,0,plugin,2850,699,Kotlin,2013-09-24T14:41:51Z,2025-09-22T16:41:01Z,master,https://api.github.com/repos/gotev/android-upload-service/zipball/master,5,2025-01-18T12:07:47+00:00,TRUE,TRUE,master,examples/SimpleMultipartUpload/app/src/main/AndroidManifest.xml;examples/app/demoapp/src/main/AndroidManifest.xml;uploadservice-ftp/src/main/AndroidManifest.xml;uploadservice-okhttp/src/main/AndroidManifest.xml;uploadservice/src/main/AndroidManifest.xml,TRUE,1M+,4.5,4.5,5,2025-01-18T12:07:47+00:00,net.igenius.crystal,0
Waboodoo,HTTP-Shortcuts,Waboodoo/HTTP-Shortcuts,https://github.com/Waboodoo/HTTP-Shortcuts,link,0,hardware,1471,129,Kotlin,2015-04-24T15:03:58Z,2025-09-29T10:15:22Z,develop,https://api.github.com/repos/Waboodoo/HTTP-Shortcuts/zipball/develop,5,2025-09-20T16:34:13+00:00,TRUE,TRUE,develop,HTTPShortcuts/app/src/main/AndroidManifest.xml;HTTPShortcuts/scripting/src/main/AndroidManifest.xml,TRUE,100K+,4.7,4.7,5,2025-09-20T16:34:13+00:00,ch.rmy.android.http_shortcuts,3
BelledonneCommunications,linphone-android,BelledonneCommunications/linphone-android,https://github.com/BelledonneCommunications/linphone-android,link,0,dial,1226,731,Kotlin,2015-01-14T10:23:21Z,2025-09-29T09:23:41Z,master,https://api.github.com/repos/BelledonneCommunications/linphone-android/zipball/master,0,,TRUE,TRUE,master,app/src/main/AndroidManifest.xml,TRUE,1M+,3.7,3.7,0,,org.linphone,6
NordicSemiconductor,Android-nRF-Toolbox,NordicSemiconductor/Android-nRF-Toolbox,https://github.com/NordicSemiconductor/Android-nRF-Toolbox,link,0,hardware,1138,474,Kotlin,2015-02-17T12:06:19Z,2025-09-29T01:35:31Z,main,https://api.github.com/repos/NordicSemiconductor/Android-nRF-Toolbox/zipball/main,5,2024-09-09T10:41:34+00:00,TRUE,TRUE,main,app/src/main/AndroidManifest.xml,TRUE,100K+,4.1,4.1,5,2024-09-09T10:41:34+00:00,no.nordicsemi.android.log,0
cryptomator,android,cryptomator/android,https://github.com/cryptomator/android,link,0,not-free,974,161,Kotlin,2016-10-31T14:13:43Z,2025-09-29T09:49:36Z,develop,https://api.github.com/repos/cryptomator/android/zipball/develop,5,2025-09-24T08:37:32+00:00,TRUE,TRUE,develop,data/src/main/AndroidManifest.xml;domain/src/main/AndroidManifest.xml;presentation/src/accrescent/AndroidManifest.xml;presentation/src/androidTest/AndroidManifest.xml;presentation/src/apkstore/AndroidManifest.xml;presentation/src/fdroid/AndroidManifest.xml;presentation/src/lite/AndroidManifest.xml;presentation/src/main/AndroidManifest.xml;presentation/src/playstore/AndroidManifest.xml;util/src/main/AndroidManifest.xml,TRUE,50K+,3.7,3.7,5,2025-09-24T08:37:32+00:00,org.cryptomator,0
helloworld1,FreeOTPPlus,helloworld1/FreeOTPPlus,https://github.com/helloworld1/FreeOTPPlus,link,0,OTP tools,704,84,Kotlin,2016-05-09T05:44:00Z,2025-09-23T13:23:18Z,master,https://api.github.com/repos/helloworld1/FreeOTPPlus/zipball/master,5,2024-02-11T05:37:55+00:00,TRUE,TRUE,master,app/src/main/AndroidManifest.xml,TRUE,100K+,4.3,4.3,5,2024-02-11T05:37:55+00:00,org.liberty.android.freeotpplus,3
RikkaApps,WADB,RikkaApps/WADB,https://github.com/RikkaApps/WADB,link,0,plugin,674,93,Kotlin,2016-06-20T16:35:07Z,2025-09-27T11:10:02Z,master,https://api.github.com/repos/RikkaApps/WADB/zipball/master,5,2022-06-26T12:05:45+00:00,TRUE,TRUE,master,app/src/main/AndroidManifest.xml,TRUE,50K+,4.5,4.5,5,2022-06-26T12:05:45+00:00,moe.haruue.wadb,0
b-lam,Resplash,b-lam/Resplash,https://github.com/b-lam/Resplash,link,0,home app,662,111,Kotlin,2016-09-30T03:06:13Z,2025-09-17T06:04:40Z,master,https://api.github.com/repos/b-lam/Resplash/zipball/master,5,2025-05-15T21:18:22+00:00,TRUE,TRUE,master,app/src/main/AndroidManifest.xml,TRUE,1M+,3,3,5,2025-05-15T21:18:22+00:00,com.b_lam.resplash,0
openhab,openhab-android,openhab/openhab-android,https://github.com/openhab/openhab-android,link,0,NFC,632,318,Kotlin,2014-04-12T12:09:03Z,2025-09-26T17:54:16Z,main,https://api.github.com/repos/openhab/openhab-android/zipball/main,5,2025-08-10T07:12:02+00:00,TRUE,TRUE,main,mobile/src/foss/AndroidManifest.xml;mobile/src/full/AndroidManifest.xml;mobile/src/main/AndroidManifest.xml,TRUE,1M+,4.2,4.2,5,2025-08-10T07:12:02+00:00,org.openhab.habdroid,3
premnirmal,StockTicker,premnirmal/StockTicker,https://github.com/premnirmal/StockTicker,link,0,plugin,509,126,Kotlin,2014-12-22T22:19:41Z,2025-09-29T10:48:13Z,master,https://api.github.com/repos/premnirmal/StockTicker/zipball/master,5,2025-09-23T15:33:24+00:00,TRUE,TRUE,master,app/src/main/AndroidManifest.xml,TRUE,100K+,4.5,4.5,5,2025-09-23T15:33:24+00:00,com.github.premnirmal.tickerwidget,3
Catrobat,Paintroid,Catrobat/Paintroid,https://github.com/Catrobat/Paintroid,link,0,image editor,445,316,Kotlin,2012-07-26T13:09:47Z,2025-09-28T13:47:07Z,develop,https://api.github.com/repos/Catrobat/Paintroid/zipball/develop,5,2023-11-14T15:39:30+00:00,TRUE,TRUE,develop,app/src/main/AndroidManifest.xml,TRUE,1M+,4.4,4.4,5,2023-11-14T15:39:30+00:00,org.catrobat.paintroid,3
michaelkourlas,voipms-sms-client,michaelkourlas/voipms-sms-client,https://github.com/michaelkourlas/voipms-sms-client,link,0,Voip,245,54,Kotlin,2014-09-20T04:01:10Z,2025-09-28T22:29:01Z,master,https://api.github.com/repos/michaelkourlas/voipms-sms-client/zipball/master,5,2025-01-31T21:44:06+00:00,TRUE,TRUE,master,voipms-sms/src/main/AndroidManifest.xml;voipms-sms/src/primary/AndroidManifest.xml,TRUE,50K+,4.2,4.2,5,2025-01-31T21:44:06+00:00,net.kourlas.voipms_sms,3
btimofeev,UniPatcher,btimofeev/UniPatcher,https://github.com/btimofeev/UniPatcher,link,0,plugin,228,21,Kotlin,2016-09-27T12:56:27Z,2025-09-29T10:11:15Z,master,https://api.github.com/repos/btimofeev/UniPatcher/zipball/master,5,2024-11-15T09:49:08+00:00,TRUE,TRUE,master,app/src/main/AndroidManifest.xml,TRUE,1M+,4.1,4.1,5,2024-11-15T09:49:08+00:00,org.emunix.unipatcher,3
tananaev,rootless-logcat,tananaev/rootless-logcat,https://github.com/tananaev/rootless-logcat,link,0,library,217,51,Kotlin,2016-06-24T05:48:40Z,2025-09-23T22:34:35Z,master,https://api.github.com/repos/tananaev/rootless-logcat/zipball/master,5,2025-07-02T16:26:56+00:00,TRUE,TRUE,master,app/src/main/AndroidManifest.xml,TRUE,100K+,3.3,3.3,5,2025-07-02T16:26:56+00:00,com.tananaev.logcat,3
pilot51,voicenotify,pilot51/voicenotify,https://github.com/pilot51/voicenotify,link,0,plugin,202,63,Kotlin,2012-10-14T10:39:31Z,2025-09-21T10:50:21Z,main,https://api.github.com/repos/pilot51/voicenotify/zipball/main,5,2025-03-22T23:29:10+00:00,TRUE,TRUE,main,app/src/main/AndroidManifest.xml,TRUE,100K+,4,4,5,2025-03-22T23:29:10+00:00,com.pilot51.voicenotify,3
takke,cpustats,takke/cpustats,https://github.com/takke/cpustats,link,0,plugin,145,27,Kotlin,2014-01-24T15:01:09Z,2025-09-24T18:09:47Z,master,https://api.github.com/repos/takke/cpustats/zipball/master,5,2025-05-25T09:19:00+00:00,TRUE,TRUE,master,app/src/main/AndroidManifest.xml,TRUE,100K+,4.2,4.2,5,2025-05-25T09:19:00+00:00,jp.takke.cpustats,3
bobrofon,easysshfs,bobrofon/easysshfs,https://github.com/bobrofon/easysshfs,link,0,VPN,131,18,Kotlin,2016-10-09T09:44:18Z,2025-09-10T18:53:02Z,master,https://api.github.com/repos/bobrofon/easysshfs/zipball/master,5,2025-08-02T14:33:03+00:00,TRUE,TRUE,master,app/src/main/AndroidManifest.xml,TRUE,10K+,3.1,3.1,5,2025-08-02T14:33:03+00:00,ru.nsu.bobrofon.easysshfs,3
hwki,SimpleBitcoinWidget,hwki/SimpleBitcoinWidget,https://github.com/hwki/SimpleBitcoinWidget,link,0,plugin,115,46,Kotlin,2013-03-24T21:17:09Z,2025-09-28T17:05:38Z,master,https://api.github.com/repos/hwki/SimpleBitcoinWidget/zipball/master,5,2025-09-28T17:06:40+00:00,TRUE,TRUE,master,bitcoin/src/main/AndroidManifest.xml,TRUE,100K+,4.2,4.2,5,2025-09-28T17:06:40+00:00,com.brentpanther.bitcoinwidget,3
federicoiosue,Omni-Notes,federicoiosue/Omni-Notes,https://github.com/federicoiosue/Omni-Notes,link,1,,2769,1107,Java,2013-12-11T21:59:18Z,2025-09-27T15:24:19Z,develop,https://api.github.com/repos/federicoiosue/Omni-Notes/zipball/develop,5,2023-12-16T22:45:41+00:00,TRUE,TRUE,develop,omniNotes/src/main/AndroidManifest.xml,TRUE,100K+,4,4,5,2023-12-16T22:45:41+00:00,it.feio.android.omninotes.alpha,0
QuantumBadger,RedReader,QuantumBadger/RedReader,https://github.com/QuantumBadger/RedReader,link,1,,2241,488,Java,2013-04-04T14:00:14Z,2025-09-28T14:23:02Z,master,https://api.github.com/repos/QuantumBadger/RedReader/zipball/master,5,2024-08-26T10:01:56+00:00,TRUE,TRUE,master,src/main/AndroidManifest.xml,TRUE,100K+,3.4,3.4,5,2024-08-26T10:01:56+00:00,org.quantumbadger.redreader,3
wallabag,android-app,wallabag/android-app,https://github.com/wallabag/android-app,link,1,reader,549,267,Java,2014-02-07T13:44:17Z,2025-09-21T15:09:04Z,master,https://api.github.com/repos/wallabag/android-app/zipball/master,5,2024-05-24T08:44:39+00:00,TRUE,TRUE,master,app/src/main/AndroidManifest.xml,TRUE,10K+,4.2,4.2,5,2024-05-24T08:44:39+00:00,fr.gaulupeau.apps.InThePoche,3
mathisdt,trackworktime,mathisdt/trackworktime,https://github.com/mathisdt/trackworktime,link,1,schedule,152,33,Java,2014-01-11T20:25:27Z,2025-09-29T03:16:23Z,master,https://api.github.com/repos/mathisdt/trackworktime/zipball/master,5,2025-08-24T19:06:04+00:00,TRUE,TRUE,master,app/src/main/AndroidManifest.xml,TRUE,10K+,4.2,4.2,5,2025-08-24T19:06:04+00:00,org.zephyrsoft.trackworktime,3
smc,Indic-Keyboard,smc/Indic-Keyboard,https://github.com/smc/Indic-Keyboard,link,1,keyoard,137,86,Java,2014-03-10T04:14:32Z,2025-04-22T10:35:57Z,master,https://api.github.com/repos/smc/Indic-Keyboard/zipball/master,2,2021-08-09T02:34:49+00:00,TRUE,TRUE,master,java/AndroidManifest.xml;tests/AndroidManifest.xml,TRUE,1M+,3.8,3.8,2,2021-08-09T02:34:49+00:00,org.smc.inputmethod.indic,6
jclehner,rxdroid,jclehner/rxdroid,https://github.com/jclehner/rxdroid,link,1,manager,124,32,Java,2013-09-27T08:44:59Z,2025-09-07T18:12:28Z,stable,https://api.github.com/repos/jclehner/rxdroid/zipball/stable,5,2024-01-06T10:11:03+00:00,TRUE,TRUE,stable,src/main/AndroidManifest.xml,TRUE,10K+,4.6,4.6,5,2024-01-06T10:11:03+00:00,at.jclehner.rxdroid,3
nilsbraden,ttrss-reader-fork,nilsbraden/ttrss-reader-fork,https://github.com/nilsbraden/ttrss-reader-fork,link,1,reader,163,41,Java,2015-03-13T06:25:03Z,2025-08-26T05:54:56Z,master,https://api.github.com/repos/nilsbraden/ttrss-reader-fork/zipball/master,5,2024-11-12T19:15:50+00:00,TRUE,TRUE,master,ttrssreader/src/main/AndroidManifest.xml,TRUE,10K+,4.2,4.2,5,2024-11-12T19:15:50+00:00,org.ttrssreader,3
nextcloud,notes-android,nextcloud/notes-android,https://github.com/nextcloud/notes-android,link,1,notes,1026,146,Java,2015-10-01T15:53:21Z,2025-09-24T19:27:28Z,main,https://api.github.com/repos/nextcloud/notes-android/zipball/main,5,2025-09-25T12:14:19+00:00,TRUE,TRUE,main,app/src/main/AndroidManifest.xml,TRUE,100K+,3.9,3.9,5,2025-09-25T12:14:19+00:00,it.niedermann.owncloud.notes,3
pluscubed,matlog,pluscubed/matlog,https://github.com/pluscubed/matlog,link,1,reader,340,62,Java,2015-07-08T05:01:00Z,2025-09-23T21:39:36Z,master,https://api.github.com/repos/pluscubed/matlog/zipball/master,5,2018-11-08T07:15:16+00:00,TRUE,TRUE,master,app/src/main/AndroidManifest.xml,TRUE,50K+,4.5,4.5,5,2018-11-08T07:15:16+00:00,com.pluscubed.matlog,0
eladnava,redalert-android,eladnava/redalert-android,https://github.com/eladnava/redalert-android,link,1,alert,121,25,Java,2015-10-05T16:35:42Z,2025-09-25T15:53:22Z,master,https://api.github.com/repos/eladnava/redalert-android/zipball/master,5,2025-06-25T20:03:36+00:00,TRUE,TRUE,master,app/src/main/AndroidManifest.xml,TRUE,1M+,4.6,4.6,5,2025-06-25T20:03:36+00:00,com.red.alert,0
rkkr,simple-keyboard,rkkr/simple-keyboard,https://github.com/rkkr/simple-keyboard,link,1,keyboard,1391,271,Java,2017-04-22T11:32:21Z,2025-09-29T06:58:50Z,master,https://api.github.com/repos/rkkr/simple-keyboard/zipball/master,5,2025-09-28T16:24:19+00:00,TRUE,TRUE,master,app/src/main/AndroidManifest.xml,TRUE,1M+,4.1,4.1,5,2025-09-28T16:24:19+00:00,rkr.simplekeyboard.inputmethod,3
AniTrend,anitrend-app,AniTrend/anitrend-app,https://github.com/AniTrend/anitrend-app,link,1,reader',219,27,Java,2017-05-21T23:16:26Z,2025-09-27T00:59:40Z,develop,https://api.github.com/repos/AniTrend/anitrend-app/zipball/develop,5,2025-08-23T17:35:00+00:00,TRUE,TRUE,develop,app/src/main/AndroidManifest.xml,TRUE,100K+,3.1,3.1,5,2025-08-23T17:35:00+00:00,com.mxt.anitrend,0
brarcher,video-transcoder,brarcher/video-transcoder,https://github.com/brarcher/video-transcoder,link,1,video,514,60,Java,2018-01-01T19:33:50Z,2025-09-06T06:19:38Z,master,https://api.github.com/repos/brarcher/video-transcoder/zipball/master,5,2019-04-03T04:38:13+00:00,TRUE,TRUE,master,app/src/main/AndroidManifest.xml,TRUE,100K+,3.4,3.4,5,2019-04-03T04:38:13+00:00,protect.videoeditor,0
Docile-Alligator,Infinity-For-Reddit,Docile-Alligator/Infinity-For-Reddit,https://github.com/Docile-Alligator/Infinity-For-Reddit,link,1,reader,4945,454,Java,2018-07-26T15:02:51Z,2025-09-29T11:34:14Z,master,https://api.github.com/repos/Docile-Alligator/Infinity-For-Reddit/zipball/master,5,2025-09-18T18:05:39+00:00,TRUE,TRUE,master,app/src/main/AndroidManifest.xml,TRUE,50K+,3.7,3.7,5,2025-09-18T18:05:39+00:00,ml.docilealligator.infinityforreddit.plus,0
mkulesh,onpc,mkulesh/onpc,https://github.com/mkulesh/onpc,link,1,music,158,22,Java,2018-10-13T13:24:13Z,2025-09-25T18:18:01Z,master,https://api.github.com/repos/mkulesh/onpc/zipball/master,5,2025-08-26T15:48:44+00:00,TRUE,TRUE,master,app/src/main/AndroidManifest.xml,TRUE,50K+,4.5,4.5,5,2025-08-26T15:48:44+00:00,com.mkulesh.onpc.plus,3
CatimaLoyalty,Android,CatimaLoyalty/Android,https://github.com/CatimaLoyalty/Android,link,1,wallet,1311,205,Java,2019-11-22T10:15:20Z,2025-09-28T21:20:39Z,main,https://api.github.com/repos/CatimaLoyalty/Android/zipball/main,5,2025-09-30T16:45:03+00:00,TRUE,TRUE,main,app/src/main/AndroidManifest.xml,TRUE,100K+,4.8,4.8,5,2025-09-30T16:45:03+00:00,me.hackerchick.catima,3
patzly,tack-android,patzly/tack-android,https://github.com/patzly/tack-android,link,1,music,357,12,Java,2020-06-10T20:07:16Z,2025-09-29T03:11:46Z,main,https://api.github.com/repos/patzly/tack-android/zipball/main,5,2025-04-06T17:07:26+00:00,TRUE,TRUE,main,app/src/main/AndroidManifest.xml,TRUE,50K+,4.9,4.9,5,2025-04-06T17:07:26+00:00,xyz.zedler.patrick.tack,0
ap-atul,music_player_lite,ap-atul/music_player_lite,https://github.com/ap-atul/music_player_lite,link,1,music,138,22,Java,2021-05-03T08:29:53Z,2025-09-27T01:31:00Z,main,https://api.github.com/repos/ap-atul/music_player_lite/zipball/main,5,2025-04-27T13:53:04+00:00,TRUE,TRUE,main,src/app/src/main/AndroidManifest.xml,TRUE,10K+,4.1,4.1,5,2025-04-27T13:53:04+00:00,com.atul.musicplayer,3
v2er-app,Android,v2er-app/Android,https://github.com/v2er-app/Android,link,1,blog,278,46,Java,2021-12-04T13:33:15Z,2025-09-28T16:28:47Z,main,https://api.github.com/repos/v2er-app/Android/zipball/main,5,2025-09-21T05:40:55+00:00,TRUE,TRUE,main,app/src/main/AndroidManifest.xml,TRUE,50K+,4.3,4.3,5,2025-09-21T05:40:55+00:00,me.ghui.v2er,0
VincentEngel,VES-Image-Compare,VincentEngel/VES-Image-Compare,https://github.com/VincentEngel/VES-Image-Compare,link,1,image manager,122,9,Java,2022-04-24T17:29:02Z,2025-09-25T06:09:44Z,master,https://api.github.com/repos/VincentEngel/VES-Image-Compare/zipball/master,5,2025-07-05T14:46:54+00:00,TRUE,TRUE,master,app/src/main/AndroidManifest.xml,TRUE,10K+,4.8,4.8,5,2025-07-05T14:46:54+00:00,com.vincentengelsoftware.vesandroidimagecompare,3
sspanak,tt9,sspanak/tt9,https://github.com/sspanak/tt9,link,1,keyboard,374,61,Java,2022-07-02T06:46:52Z,2025-09-27T17:20:10Z,master,https://api.github.com/repos/sspanak/tt9/zipball/master,5,2025-09-24T07:31:29+00:00,TRUE,TRUE,master,app/src/main/AndroidManifest.xml,TRUE,50K+,4,4,5,2025-09-24T07:31:29+00:00,io.github.sspanak.tt9,3
TeamAmaze,AmazeFileManager,TeamAmaze/AmazeFileManager,https://github.com/TeamAmaze/AmazeFileManager,link,1,file manager,5776,1626,Kotlin,2014-07-14T19:47:53Z,2025-09-28T09:48:26Z,release/4.0,https://api.github.com/repos/TeamAmaze/AmazeFileManager/zipball/release/4.0,5,2024-02-17T19:42:49+00:00,TRUE,TRUE,release/4.0,app/src/main/AndroidManifest.xml,TRUE,1M+,3.5,3.5,5,2024-02-17T19:42:49+00:00,com.filemanager.amazecloud,12
moezbhatti,qksms,moezbhatti/qksms,https://github.com/moezbhatti/qksms,link,1,SMS manager,4575,1071,Kotlin,2015-02-21T19:50:43Z,2025-09-28T11:06:35Z,master,https://api.github.com/repos/moezbhatti/qksms/zipball/master,5,2023-01-16T18:01:54+00:00,TRUE,TRUE,master,android-smsmms/src/main/AndroidManifest.xml;common/src/main/AndroidManifest.xml;data/src/main/AndroidManifest.xml;domain/src/main/AndroidManifest.xml;presentation/src/main/AndroidManifest.xml,TRUE,1M+,3.9,3.9,5,2023-01-16T18:01:54+00:00,com.moez.QKSMS,0
spacecowboy,Feeder,spacecowboy/Feeder,https://github.com/spacecowboy/Feeder,link,1,reader,2314,139,Kotlin,2014-08-28T12:50:32Z,2025-09-29T05:31:47Z,master,https://api.github.com/repos/spacecowboy/Feeder/zipball/master,5,2025-09-20T07:25:57+00:00,TRUE,TRUE,master,app/src/main/AndroidManifest.xml,TRUE,100K+,4.1,4.1,5,2025-09-20T07:25:57+00:00,com.nononsenseapps.feeder.play,2
allgood,OpenNoteScanner,allgood/OpenNoteScanner,https://github.com/allgood/OpenNoteScanner,link,1,scanner,1475,289,Kotlin,2016-02-10T11:14:38Z,2025-09-26T23:04:43Z,master,https://api.github.com/repos/allgood/OpenNoteScanner/zipball/master,5,2020-07-22T17:51:04+00:00,TRUE,TRUE,master,app/src/main/AndroidManifest.xml,TRUE,50K+,3,3,5,2020-07-22T17:51:04+00:00,com.todobom.opennotescanner,3
SimonSchubert,LinuxCommandLibrary,SimonSchubert/LinuxCommandLibrary,https://github.com/SimonSchubert/LinuxCommandLibrary,link,1,manaul,1289,97,Kotlin,2014-06-19T00:11:40Z,2025-09-29T06:29:09Z,master,https://api.github.com/repos/SimonSchubert/LinuxCommandLibrary/zipball/master,5,2025-09-21T19:22:39+00:00,TRUE,TRUE,master,android/src/main/AndroidManifest.xml;common/src/androidMain/AndroidManifest.xml,TRUE,1M+,4.6,4.6,5,2025-09-21T19:22:39+00:00,com.inspiredandroid.linuxcommandbibliotheca,3
grote,Transportr,grote/Transportr,https://github.com/grote/Transportr,link,1,bus helper,1117,195,Kotlin,2013-09-06T10:00:57Z,2025-09-22T15:59:34Z,master,https://api.github.com/repos/grote/Transportr/zipball/master,5,2024-12-07T19:36:07+00:00,TRUE,TRUE,master,app/src/main/AndroidManifest.xml,TRUE,10K+,4.3,4.3,5,2024-12-07T19:36:07+00:00,de.grobox.liberario,3
mtotschnig,MyExpenses,mtotschnig/MyExpenses,https://github.com/mtotschnig/MyExpenses,link,1,money manager,1020,245,Kotlin,2012-02-29T15:13:40Z,2025-09-29T03:17:31Z,master,https://api.github.com/repos/mtotschnig/MyExpenses/zipball/master,5,2020-10-07T16:40:05+00:00,TRUE,TRUE,master,PlayLicensingOrig/AndroidManifest.xml;drive/src/main/AndroidManifest.xml;dropbox/src/main/AndroidManifest.xml;fints/src/main/AndroidManifest.xml;jackson/src/main/AndroidManifest.xml;mlkit/src/main/AndroidManifest.xml;mlkit_deva/src/main/AndroidManifest.xml;mlkit_han/src/main/AndroidManifest.xml;mlkit_jpan/src/main/AndroidManifest.xml;mlkit_kore/src/main/AndroidManifest.xml;mlkit_latn/src/main/AndroidManifest.xml;myExpenses/src/androidTest/AndroidManifest.xml;myExpenses/src/debug/AndroidManifest.xml;myExpenses/src/main/AndroidManifest.xml;ocr/src/main/AndroidManifest.xml;onedrive/src/main/AndroidManifest.xml;preferences/src/androidTest/AndroidManifest.xml;preferences/src/main/AndroidManifest.xml;setupwizard/main/AndroidManifest.xml;setupwizard/test/instrumentation/AndroidManifest.xml,TRUE,1M+,4.7,4.7,5,2020-10-07T16:40:05+00:00,org.totschnig.myexpenses,3
max-kammerer,orion-viewer,max-kammerer/orion-viewer,https://github.com/max-kammerer/orion-viewer,link,1,reader,247,61,Kotlin,2013-02-19T05:52:57Z,2025-09-27T13:25:42Z,master,https://api.github.com/repos/max-kammerer/orion-viewer/zipball/master,5,2025-05-14T07:48:32+00:00,TRUE,TRUE,master,common/src/androidMain/AndroidManifest.xml;common/src/main/AndroidManifest.xml;nativeLibs/djvuModule/src/main/AndroidManifest.xml;nativeLibs/mupdfModule/src/main/AndroidManifest.xml;orion-viewer/src/androidTest/AndroidManifest.xml;orion-viewer/src/main/AndroidManifest.xml;tree-view-list-android/AndroidManifest.xml,TRUE,100K+,3.5,3.5,5,2025-05-14T07:48:32+00:00,universe.constellation.orion.viewer,12
StepicOrg,stepik-android,StepicOrg/stepik-android,https://github.com/StepicOrg/stepik-android,link,1,video platform,191,54,Kotlin,2015-09-07T09:53:05Z,2025-08-27T16:01:09Z,master,https://api.github.com/repos/StepicOrg/stepik-android/zipball/master,5,2017-10-20T10:49:59+00:00,TRUE,TRUE,master,app/src/main/AndroidManifest.xml,TRUE,1M+,4.9,4.9,5,2017-10-20T10:49:59+00:00,org.stepic.droid,0
Adventech,sabbath-school-android,Adventech/sabbath-school-android,https://github.com/Adventech/sabbath-school-android,link,1,reader,189,54,Kotlin,2016-08-08T22:24:44Z,2025-09-18T17:48:42Z,main,https://api.github.com/repos/Adventech/sabbath-school-android/zipball/main,5,2018-01-10T00:52:29+00:00,TRUE,TRUE,main,app/src/main/AndroidManifest.xml,TRUE,1M+,4.8,4.8,5,2018-01-10T00:52:29+00:00,com.cryart.sabbathschool,0
wuan,bo-android,wuan/bo-android,https://github.com/wuan/bo-android,link,1,weather,128,34,Kotlin,2011-04-02T10:47:59Z,2025-09-29T01:39:27Z,main,https://api.github.com/repos/wuan/bo-android/zipball/main,5,2020-07-20T23:46:56+00:00,TRUE,TRUE,main,app/src/main/AndroidManifest.xml,TRUE,1M+,3.5,3.5,5,2020-07-20T23:46:56+00:00,org.blitzortung.android.app,3
markusfisch,ShaderEditor,markusfisch/ShaderEditor,https://github.com/markusfisch/ShaderEditor,link,2,code editor,1012,143,Java,2013-06-02T21:12:59Z,2025-09-20T20:51:04Z,master,https://api.github.com/repos/markusfisch/ShaderEditor/zipball/master,5,2025-08-26T19:15:49+00:00,TRUE,TRUE,master,app/src/main/AndroidManifest.xml,TRUE,50K+,4.8,4.8,5,2025-08-26T19:15:49+00:00,de.markusfisch.android.shadereditor,3
moneymanagerex,android-money-manager-ex,moneymanagerex/android-money-manager-ex,https://github.com/moneymanagerex/android-money-manager-ex,link,2,money manager,593,209,Java,2014-05-19T23:49:58Z,2025-09-29T11:14:33Z,master,https://api.github.com/repos/moneymanagerex/android-money-manager-ex/zipball/master,5,2025-09-20T07:54:44+00:00,TRUE,TRUE,master,app/src/main/AndroidManifest.xml,TRUE,10K+,4.6,4.6,5,2025-09-20T07:54:44+00:00,com.money.manager.ex.android,0
MarcusWolschon,osmeditor4android,MarcusWolschon/osmeditor4android,https://github.com/MarcusWolschon/osmeditor4android,link,2,map,421,95,Java,2015-03-21T07:25:43Z,2025-09-28T20:29:35Z,master,https://api.github.com/repos/MarcusWolschon/osmeditor4android/zipball/master,5,2025-09-14T14:53:46+00:00,TRUE,TRUE,master,src/androidTest/AndroidManifest.xml;src/debug/AndroidManifest.xml;src/main/AndroidManifest.xml,TRUE,50K+,4.3,4.3,5,2025-09-14T14:53:46+00:00,de.blau.android,3
M66B,FairEmail,M66B/FairEmail,https://github.com/M66B/FairEmail,link,2,email,3903,676,Java,2018-08-02T13:30:25Z,2025-09-29T11:50:09Z,master,https://api.github.com/repos/M66B/FairEmail/zipball/master,5,2025-09-30T05:49:34+00:00,TRUE,TRUE,master,app/src/main/AndroidManifest.xml,TRUE,1M+,4.9,4.9,5,2025-09-30T05:49:34+00:00,eu.faircode.email,3
mastodon,mastodon-android,mastodon/mastodon-android,https://github.com/mastodon/mastodon-android,link,2,,1897,306,Java,2022-01-14T10:44:03Z,2025-09-28T13:52:28Z,master,https://api.github.com/repos/mastodon/mastodon-android/zipball/master,5,2025-09-24T16:50:31+00:00,TRUE,TRUE,master,mastodon/src/github/AndroidManifest.xml;mastodon/src/main/AndroidManifest.xml,TRUE,1M+,4.1,4.1,5,2025-09-24T16:50:31+00:00,org.joinmastodon.android,3
thunderbird,thunderbird-android,thunderbird/thunderbird-android,https://github.com/thunderbird/thunderbird-android,link,2,email,12595,2624,Kotlin,2011-02-04T02:40:00Z,2025-09-29T11:24:23Z,main,https://api.github.com/repos/thunderbird/thunderbird-android/zipball/main,5,2025-09-30T18:41:35+00:00,TRUE,TRUE,main,app-common/src/main/AndroidManifest.xml;app-k9mail/src/debug/AndroidManifest.xml;app-k9mail/src/main/AndroidManifest.xml;app-thunderbird/src/beta/AndroidManifest.xml;app-thunderbird/src/daily/AndroidManifest.xml;app-thunderbird/src/debug/AndroidManifest.xml;app-thunderbird/src/main/AndroidManifest.xml;app-ui-catalog/src/main/AndroidManifest.xml;core/android/common/src/main/AndroidManifest.xml;core/android/network/src/main/AndroidManifest.xml;feature/account/oauth/src/main/AndroidManifest.xml;feature/funding/googleplay/src/debug/AndroidManifest.xml;feature/launcher/src/main/AndroidManifest.xml;feature/migration/provider/src/main/AndroidManifest.xml;feature/migration/qrcode/src/main/AndroidManifest.xml;feature/notification/impl/src/androidMain/AndroidManifest.xml;feature/settings/import/src/main/AndroidManifest.xml;feature/widget/message-list/src/main/AndroidManifest.xml;feature/widget/shortcut/src/main/AndroidManifest.xml;feature/widget/unread/src/main/AndroidManifest.xml,TRUE,100K+,4.2,4.2,5,2025-09-30T18:41:35+00:00,net.thunderbird.android.beta,3
nextcloud,android,nextcloud/android,https://github.com/nextcloud/android,link,2,cloud server manager,4879,1877,Kotlin,2016-06-06T21:23:36Z,2025-09-29T09:12:39Z,master,https://api.github.com/repos/nextcloud/android/zipball/master,5,2025-09-25T10:39:22+00:00,TRUE,TRUE,master,app/src/main/AndroidManifest.xml,TRUE,1M+,4.6,4.6,5,2025-09-25T10:39:22+00:00,org.jtb.alogcat,3
streetcomplete,StreetComplete,streetcomplete/StreetComplete,https://github.com/streetcomplete/StreetComplete,link,2,Map,4308,392,Kotlin,2016-07-02T10:44:04Z,2025-09-29T00:29:29Z,master,https://api.github.com/repos/streetcomplete/StreetComplete/zipball/master,5,2025-08-18T16:41:13+00:00,TRUE,TRUE,master,app/src/androidMain/AndroidManifest.xml,TRUE,50K+,4.8,4.8,5,2025-08-18T16:41:13+00:00,de.westnordost.streetcomplete,3
owntracks,android,owntracks/android,https://github.com/owntracks/android,link,2,Map,1560,493,Kotlin,2014-02-03T12:56:26Z,2025-09-29T10:09:50Z,master,https://api.github.com/repos/owntracks/android/zipball/master,5,2025-08-26T16:53:38+00:00,TRUE,TRUE,master,project/app/src/debug/AndroidManifest.xml;project/app/src/gms/AndroidManifest.xml;project/app/src/main/AndroidManifest.xml;project/app/src/oss/AndroidManifest.xml,TRUE,100K+,3.8,3.8,5,2025-08-26T16:53:38+00:00,org.owntracks.android,3
openfoodfacts,openfoodfacts-androidapp,openfoodfacts/openfoodfacts-androidapp,https://github.com/openfoodfacts/openfoodfacts-androidapp,link,2,photo?,793,454,Kotlin,2015-05-06T18:09:55Z,2025-09-24T09:12:28Z,develop,https://api.github.com/repos/openfoodfacts/openfoodfacts-androidapp/zipball/develop,5,2018-03-02T19:20:22+00:00,TRUE,TRUE,develop,app/src/main/AndroidManifest.xml,TRUE,10K+,,,5,2018-03-02T19:20:22+00:00,org.openproductsfacts.scanner,3
getodk,collect,getodk/collect,https://github.com/getodk/collect,link,2,data manager?,746,1402,Kotlin,2015-08-04T23:21:33Z,2025-09-27T00:41:05Z,master,https://api.github.com/repos/getodk/collect/zipball/master,5,2025-09-24T18:45:50+00:00,TRUE,TRUE,master,analytics/src/main/AndroidManifest.xml;androidshared/src/main/AndroidManifest.xml;androidtest/src/main/AndroidManifest.xml;async/src/main/AndroidManifest.xml;audio-clips/src/main/AndroidManifest.xml;audio-recorder/src/main/AndroidManifest.xml;collect_app/src/debug/AndroidManifest.xml;collect_app/src/main/AndroidManifest.xml;crash-handler/src/main/AndroidManifest.xml;db/src/main/AndroidManifest.xml;draw/src/main/AndroidManifest.xml;entities/src/main/AndroidManifest.xml;errors/src/main/AndroidManifest.xml;external-app/src/main/AndroidManifest.xml;fragments-test/src/main/AndroidManifest.xml;geo/src/main/AndroidManifest.xml;google-maps/src/main/AndroidManifest.xml;icons/src/main/AndroidManifest.xml;image-loader/src/main/AndroidManifest.xml;lists/src/main/AndroidManifest.xml,TRUE,1M+,3.9,3.9,5,2025-09-24T18:45:50+00:00,org.odk.collect.android,0
andstatus,andstatus,andstatus/andstatus,https://github.com/andstatus/andstatus,link,2,social,317,70,Kotlin,2011-12-23T13:33:25Z,2025-09-07T15:40:56Z,master,https://api.github.com/repos/andstatus/andstatus/zipball/master,5,2024-12-14T15:36:00+00:00,TRUE,TRUE,master,app/src/main/AndroidManifest.xml,TRUE,10K+,3.5,3.5,5,2024-12-14T15:36:00+00:00,org.andstatus.app,3
gatheringhallstudios,MHGenDatabase,gatheringhallstudios/MHGenDatabase,https://github.com/gatheringhallstudios/MHGenDatabase,link,0,game,105,46,Kotlin,2016-06-10T22:53:11Z,2025-08-19T23:29:47Z,develop,https://api.github.com/repos/gatheringhallstudios/MHGenDatabase/zipball/develop,5,2019-04-17T05:34:02+00:00,TRUE,TRUE,develop,app/src/main/AndroidManifest.xml,TRUE,100K+,4.9,4.9,5,2019-04-17T05:34:02+00:00,com.ghstudios.android.mhgendatabase,3
yairm210,Unciv,yairm210/Unciv,https://github.com/yairm210/Unciv,link,0,game,9657,1747,Kotlin,2017-11-21T21:58:12Z,2025-09-29T09:00:46Z,master,https://api.github.com/repos/yairm210/Unciv/zipball/master,5,2025-09-30T14:42:57+00:00,TRUE,TRUE,master,android/AndroidManifest.xml,TRUE,1M+,4.6,4.6,5,2025-09-30T14:42:57+00:00,com.unciv.app,3
Kunzisoft,KeePassDX,Kunzisoft/KeePassDX,https://github.com/Kunzisoft/KeePassDX,link,0,OTP tools,5770,325,Kotlin,2017-10-17T09:08:57Z,2025-09-29T03:03:53Z,master,https://api.github.com/repos/Kunzisoft/KeePassDX/zipball/master,5,2025-09-18T19:20:57+00:00,TRUE,TRUE,master,app/src/main/AndroidManifest.xml,TRUE,100K+,4.4,4.4,5,2025-09-18T19:20:57+00:00,com.kunzisoft.keepass.pro,0
orgzly,orgzly-android,orgzly/orgzly-android,https://github.com/orgzly/orgzly-android,link,1,notes,2745,307,Kotlin,2017-02-03T14:48:34Z,2025-09-28T16:01:20Z,master,https://api.github.com/repos/orgzly/orgzly-android/zipball/master,5,2022-11-05T13:04:09+00:00,TRUE,TRUE,master,app/src/main/AndroidManifest.xml,TRUE,100K+,4.6,4.6,5,2022-11-05T13:04:09+00:00,com.orgzly,0
markusfisch,BinaryEye,markusfisch/BinaryEye,https://github.com/markusfisch/BinaryEye,link,0,library,1897,150,Kotlin,2017-08-27T13:03:48Z,2025-09-29T11:01:05Z,master,https://api.github.com/repos/markusfisch/BinaryEye/zipball/master,5,2025-08-26T19:17:02+00:00,TRUE,TRUE,master,app/src/main/AndroidManifest.xml,TRUE,100K+,4.8,4.8,5,2025-08-26T19:17:02+00:00,de.markusfisch.android.binaryeye,3
massivemadness,Squircle-CE,massivemadness/Squircle-CE,https://github.com/massivemadness/Squircle-CE,link,0,code editor,1621,128,Kotlin,2017-08-17T10:07:48Z,2025-09-29T02:08:17Z,master,https://api.github.com/repos/massivemadness/Squircle-CE/zipball/master,5,2025-05-14T14:11:34+00:00,TRUE,TRUE,master,app/src/main/AndroidManifest.xml,TRUE,10K+,3.7,3.7,5,2025-05-14T14:11:34+00:00,com.blacksquircle.ui,3
kawaiiDango,pano-scrobbler,kawaiiDango/pano-scrobbler,https://github.com/kawaiiDango/pano-scrobbler,link,1,music,1597,40,Kotlin,2017-07-04T20:21:51Z,2025-09-28T16:14:51Z,main,https://api.github.com/repos/kawaiiDango/pano-scrobbler/zipball/main,5,2025-09-14T21:34:27+00:00,TRUE,TRUE,main,baselineprofile/src/main/AndroidManifest.xml;composeApp/src/androidMain/AndroidManifest.xml;extras-nonplay/src/androidMain/AndroidManifest.xml;extras-play/src/main/AndroidManifest.xml,TRUE,100K+,4.2,4.2,5,2025-09-14T21:34:27+00:00,com.arn.scrobble,0
kamgurgul,cpu-info,kamgurgul/cpu-info,https://github.com/kamgurgul/cpu-info,link,0,hardware,880,114,Kotlin,2017-10-03T06:25:42Z,2025-09-27T07:27:31Z,master,https://api.github.com/repos/kamgurgul/cpu-info/zipball/master,5,2025-07-03T05:51:26+00:00,TRUE,TRUE,master,androidApp/baselineprofile/src/main/AndroidManifest.xml;androidApp/src/androidMain/AndroidManifest.xml;wearOsApp/src/androidMain/AndroidManifest.xml,TRUE,100K+,4.5,4.5,5,2025-07-03T05:51:26+00:00,com.kgurgul.cpuinfo,3
darshanparajuli,LogcatReader,darshanparajuli/LogcatReader,https://github.com/darshanparajuli/LogcatReader,link,0,library,721,121,Kotlin,2017-11-20T20:17:39Z,2025-09-29T11:05:41Z,main,https://api.github.com/repos/darshanparajuli/LogcatReader/zipball/main,5,2025-05-17T20:01:11+00:00,TRUE,TRUE,main,app/src/main/AndroidManifest.xml,TRUE,100K+,4.1,4.1,5,2025-05-17T20:01:11+00:00,com.dp.logcatapp,3
nextcloud,talk-android,nextcloud/talk-android,https://github.com/nextcloud/talk-android,link,2,social,646,278,Kotlin,2017-09-11T06:53:14Z,2025-09-29T03:15:24Z,master,https://api.github.com/repos/nextcloud/talk-android/zipball/master,5,2025-09-26T08:42:20+00:00,TRUE,TRUE,master,app/src/main/AndroidManifest.xml,TRUE,100K+,4,4,5,2025-09-26T08:42:20+00:00,com.nextcloud.talk2,3
hanjoongcho,aaf-easydiary,hanjoongcho/aaf-easydiary,https://github.com/hanjoongcho/aaf-easydiary,link,1,diary,512,125,Kotlin,2017-08-17T16:56:05Z,2025-09-27T10:47:58Z,master,https://api.github.com/repos/hanjoongcho/aaf-easydiary/zipball/master,5,2020-08-22T02:54:50+00:00,TRUE,TRUE,master,app/src/main/AndroidManifest.xml,TRUE,50K+,4.3,4.3,5,2020-08-22T02:54:50+00:00,me.blog.korn123.easydiary,3
acristescu,OnlineGo,acristescu/OnlineGo,https://github.com/acristescu/OnlineGo,link,0,game,228,57,Kotlin,2017-11-01T17:53:51Z,2025-09-27T07:08:14Z,master,https://api.github.com/repos/acristescu/OnlineGo/zipball/master,5,2025-09-30T08:53:53+00:00,TRUE,TRUE,master,app/src/main/AndroidManifest.xml,TRUE,100K+,,,5,2025-09-30T08:53:53+00:00,io.zenandroid.onlinego,0
Crazy-Marvin,MetadataRemover,Crazy-Marvin/MetadataRemover,https://github.com/Crazy-Marvin/MetadataRemover,link,1,image manager,221,18,Kotlin,2017-12-16T12:22:07Z,2025-09-27T15:06:25Z,development,https://api.github.com/repos/Crazy-Marvin/MetadataRemover/zipball/development,5,2024-08-04T20:35:41+00:00,TRUE,TRUE,development,app/src/main/AndroidManifest.xml,TRUE,10K+,2.8,2.8,5,2024-08-04T20:35:41+00:00,rocks.poopjournal.metadataremover,1
wbrawner,SimpleMarkdown,wbrawner/SimpleMarkdown,https://github.com/wbrawner/SimpleMarkdown,link,1,notes,210,18,Kotlin,2017-07-25T04:34:41Z,2025-09-24T07:24:34Z,main,https://api.github.com/repos/wbrawner/SimpleMarkdown/zipball/main,5,2021-02-22T02:12:03+00:00,TRUE,TRUE,main,app/src/main/AndroidManifest.xml,TRUE,50K+,4.1,4.1,5,2021-02-22T02:12:03+00:00,com.wbrawner.simplemarkdown,0
markusfisch,Libra,markusfisch/Libra,https://github.com/markusfisch/Libra,link,2,decision maker,142,20,Kotlin,2017-04-01T11:28:12Z,2025-09-15T23:38:25Z,master,https://api.github.com/repos/markusfisch/Libra/zipball/master,5,2025-08-13T17:30:58+00:00,TRUE,TRUE,master,app/src/main/AndroidManifest.xml,TRUE,10K+,4.4,4.4,5,2025-08-13T17:30:58+00:00,de.markusfisch.android.libra,3
d4rken-org,bluemusic,d4rken-org/bluemusic,https://github.com/d4rken-org/bluemusic,link,1,bluetooth manager,141,7,Kotlin,2016-12-26T16:52:43Z,2025-09-23T16:06:26Z,main,https://api.github.com/repos/d4rken-org/bluemusic/zipball/main,5,2025-08-15T11:30:26+00:00,TRUE,TRUE,main,app/src/main/AndroidManifest.xml,TRUE,1M+,3.8,3.8,5,2025-08-15T11:30:26+00:00,eu.darken.bluemusic,0
IlyaPomaskin,h3lwp,IlyaPomaskin/h3lwp,https://github.com/IlyaPomaskin/h3lwp,link,0,home app,133,14,Kotlin,2017-05-05T14:09:52Z,2025-09-07T22:03:06Z,main,https://api.github.com/repos/IlyaPomaskin/h3lwp/zipball/main,5,2022-06-28T10:41:52+00:00,TRUE,TRUE,main,android/AndroidManifest.xml,TRUE,10K+,5,5,5,2022-06-28T10:41:52+00:00,com.homm3.livewallpaper,0
nfdz,Cryptool,nfdz/Cryptool,https://github.com/nfdz/Cryptool,link,0,library,119,24,Kotlin,2017-09-23T21:01:00Z,2025-08-24T01:58:50Z,master,https://api.github.com/repos/nfdz/Cryptool/zipball/master,5,2024-07-31T11:59:23+00:00,TRUE,TRUE,master,androidApp/src/main/AndroidManifest.xml;androidUI/src/androidTest/AndroidManifest.xml;androidUI/src/main/AndroidManifest.xml;shared/src/androidMain/AndroidManifest.xml,TRUE,50K+,4.1,4.1,5,2024-07-31T11:59:23+00:00,io.github.nfdz.cryptool,0
Anrimian,music-player,Anrimian/music-player,https://github.com/Anrimian/music-player,link,1,music,106,21,Kotlin,2017-11-13T20:47:25Z,2025-09-09T22:39:31Z,master,https://api.github.com/repos/Anrimian/music-player/zipball/master,5,2025-08-10T16:28:12+00:00,TRUE,TRUE,master,app/src/main/AndroidManifest.xml,TRUE,1M+,4.4,4.4,5,2025-08-10T16:28:12+00:00,com.github.anrimian.musicplayer,0
zhanghai,MaterialFiles,zhanghai/MaterialFiles,https://github.com/zhanghai/MaterialFiles,link,1,file manager,7416,534,Kotlin,2018-05-27T23:22:03Z,2025-09-28T11:27:32Z,master,https://api.github.com/repos/zhanghai/MaterialFiles/zipball/master,5,2024-06-30T05:17:48+00:00,TRUE,TRUE,master,app/src/main/AndroidManifest.xml,TRUE,1M+,4.7,4.7,5,2024-06-30T05:17:48+00:00,me.zhanghai.android.files,3
RetroMusicPlayer,RetroMusicPlayer,RetroMusicPlayer/RetroMusicPlayer,https://github.com/RetroMusicPlayer/RetroMusicPlayer,link,1,music,4705,846,Kotlin,2018-07-27T12:21:51Z,2025-09-29T12:42:02Z,dev,https://api.github.com/repos/RetroMusicPlayer/RetroMusicPlayer/zipball/dev,5,2025-08-09T07:16:03+00:00,TRUE,TRUE,dev,app/src/main/AndroidManifest.xml,TRUE,1M+,4.4,4.4,5,2025-08-09T07:16:03+00:00,code.name.monkey.retromusic,3
CypherpunkArmory,UserLAnd,CypherpunkArmory/UserLAnd,https://github.com/CypherpunkArmory/UserLAnd,link,0,library,3958,482,Kotlin,2018-03-20T17:49:56Z,2025-09-29T09:05:13Z,master,https://api.github.com/repos/CypherpunkArmory/UserLAnd/zipball/master,5,2021-10-08T23:14:54+00:00,TRUE,TRUE,master,app/src/main/AndroidManifest.xml,TRUE,1M+,4.6,4.6,5,2021-10-08T23:14:54+00:00,tech.ula,3
element-hq,element-android,element-hq/element-android,https://github.com/element-hq/element-android,link,0,social,3558,832,Kotlin,2018-10-02T15:56:15Z,2025-09-29T04:26:51Z,develop,https://api.github.com/repos/element-hq/element-android/zipball/develop,5,2025-09-25T07:27:30+00:00,TRUE,TRUE,develop,library/attachment-viewer/src/main/AndroidManifest.xml;library/core-utils/src/main/AndroidManifest.xml;library/external/dialpad/src/main/AndroidManifest.xml;library/external/jsonviewer/src/main/AndroidManifest.xml;library/multipicker/src/main/AndroidManifest.xml;library/ui-strings/src/main/AndroidManifest.xml;library/ui-styles/src/debug/AndroidManifest.xml;library/ui-styles/src/main/AndroidManifest.xml;matrix-sdk-android-flow/src/main/AndroidManifest.xml;matrix-sdk-android/src/androidTest/AndroidManifest.xml;matrix-sdk-android/src/main/AndroidManifest.xml;vector-app/src/debug/AndroidManifest.xml;vector-app/src/fdroid/AndroidManifest.xml;vector-app/src/gplay/AndroidManifest.xml;vector-app/src/main/AndroidManifest.xml;vector-config/src/main/AndroidManifest.xml;vector/src/androidTest/AndroidManifest.xml;vector/src/main/AndroidManifest.xml,TRUE,1M+,3.2,3.2,5,2025-09-25T07:27:30+00:00,im.vector.app,12
etchdroid,etchdroid,etchdroid/etchdroid,https://github.com/etchdroid/etchdroid,link,0,plugin,2541,184,Kotlin,2018-09-02T00:49:40Z,2025-09-29T11:33:20Z,main,https://api.github.com/repos/etchdroid/etchdroid/zipball/main,5,2024-10-08T22:11:33+00:00,TRUE,TRUE,main,app/src/main/AndroidManifest.xml,TRUE,1M+,4.5,4.5,5,2024-10-08T22:11:33+00:00,eu.depau.etchdroid,3
lihenggui,blocker,lihenggui/blocker,https://github.com/lihenggui/blocker,link,0,plugin,1872,72,Kotlin,2017-12-26T11:45:16Z,2025-09-29T06:47:13Z,main,https://api.github.com/repos/lihenggui/blocker/zipball/main,5,2025-09-22T22:42:24+00:00,TRUE,TRUE,main,app/src/main/AndroidManifest.xml,TRUE,10K+,4,4,5,2025-09-22T22:42:24+00:00,com.merxury.blocker,3
gotify,android,gotify/android,https://github.com/gotify/android,link,0,plugin,1181,178,Kotlin,2018-02-14T18:49:38Z,2025-09-24T11:07:47Z,master,https://api.github.com/repos/gotify/android/zipball/master,5,2025-09-29T18:13:25+00:00,TRUE,TRUE,master,app/src/main/AndroidManifest.xml,TRUE,10K+,4.8,4.8,5,2025-09-29T18:13:25+00:00,com.github.gotify,3
rafaelvcaetano,melonDS-android,rafaelvcaetano/melonDS-android,https://github.com/rafaelvcaetano/melonDS-android,link,0,plugin,1112,68,Kotlin,2018-11-25T18:13:33Z,2025-09-29T00:12:30Z,master,https://api.github.com/repos/rafaelvcaetano/melonDS-android/zipball/master,5,2025-03-10T22:54:41+00:00,TRUE,TRUE,master,app/src/main/AndroidManifest.xml,TRUE,1M+,,,5,2025-03-10T22:54:41+00:00,me.magnum.melonds,0
horizontalsystems,unstoppable-wallet-android,horizontalsystems/unstoppable-wallet-android,https://github.com/horizontalsystems/unstoppable-wallet-android,link,0,wallet,1057,426,Kotlin,2018-07-30T04:34:02Z,2025-09-29T02:52:07Z,master,https://api.github.com/repos/horizontalsystems/unstoppable-wallet-android/zipball/master,5,2025-08-22T10:40:41+00:00,TRUE,TRUE,master,app/src/main/AndroidManifest.xml,TRUE,100K+,4.4,4.4,5,2025-08-22T10:40:41+00:00,io.horizontalsystems.bankwallet,3
Exodus-Privacy,exodus-android-app,Exodus-Privacy/exodus-android-app,https://github.com/Exodus-Privacy/exodus-android-app,link,0,plugin,865,59,Kotlin,2018-02-25T14:14:21Z,2025-09-27T15:58:39Z,master,https://api.github.com/repos/Exodus-Privacy/exodus-android-app/zipball/master,5,2024-07-24T19:49:13+00:00,TRUE,TRUE,master,app/src/main/AndroidManifest.xml,TRUE,100K+,4.2,4.2,5,2024-07-24T19:49:13+00:00,org.eu.exodus_privacy.exodusprivacy,3
BimmerGestalt,AAIdrive,BimmerGestalt/AAIdrive,https://github.com/BimmerGestalt/AAIdrive,link,0,library,622,93,Kotlin,2019-01-06T04:03:48Z,2025-09-09T21:37:22Z,main,https://api.github.com/repos/BimmerGestalt/AAIdrive/zipball/main,5,2025-05-28T03:24:40+00:00,TRUE,TRUE,main,app/src/main/AndroidManifest.xml,TRUE,100K+,4.8,4.8,5,2025-05-28T03:24:40+00:00,radioenergy.app,12
shadowsocks,v2ray-plugin-android,shadowsocks/v2ray-plugin-android,https://github.com/shadowsocks/v2ray-plugin-android,link,0,plugin,455,121,Kotlin,2019-01-11T01:45:46Z,2025-09-24T14:44:04Z,master,https://api.github.com/repos/shadowsocks/v2ray-plugin-android/zipball/master,5,2020-07-21T00:49:34+00:00,TRUE,TRUE,master,app/src/main/AndroidManifest.xml,TRUE,100K+,4.2,4.2,5,2020-07-21T00:49:34+00:00,com.github.shadowsocks.plugin.v2ray,3
oppia,oppia-android,oppia/oppia-android,https://github.com/oppia/oppia-android,link,1,video platform,369,566,Kotlin,2018-09-10T03:25:11Z,2025-09-26T16:45:26Z,develop,https://api.github.com/repos/oppia/oppia-android/zipball/develop,5,2021-10-13T01:49:28+00:00,TRUE,TRUE,develop,app/src/main/AndroidManifest.xml,TRUE,100K+,,,5,2021-10-13T01:49:28+00:00,org.oppia.android,0
ActivityWatch,aw-android,ActivityWatch/aw-android,https://github.com/ActivityWatch/aw-android,link,0,plugin,206,30,Kotlin,2018-12-16T13:35:14Z,2025-09-22T09:10:01Z,master,https://api.github.com/repos/ActivityWatch/aw-android/zipball/master,5,2023-10-13T15:24:49+00:00,TRUE,TRUE,master,mobile/src/main/AndroidManifest.xml,TRUE,10K+,4.1,4.1,5,2023-10-13T15:24:49+00:00,net.activitywatch.android,1
michelesalvador,FamilyGem,michelesalvador/FamilyGem,https://github.com/michelesalvador/FamilyGem,link,1,people manager,160,40,Kotlin,2018-11-01T14:29:02Z,2025-09-25T17:28:05Z,master,https://api.github.com/repos/michelesalvador/FamilyGem/zipball/master,5,2025-06-23T17:16:50+00:00,TRUE,TRUE,master,app/src/main/AndroidManifest.xml,TRUE,100K+,4.1,4.1,5,2025-06-23T17:16:50+00:00,app.familygem,0
DeweyReed,ClipboardCleaner,DeweyReed/ClipboardCleaner,https://github.com/DeweyReed/ClipboardCleaner,link,0,plugin,146,16,Kotlin,2018-03-13T13:14:57Z,2025-09-06T01:12:29Z,master,https://api.github.com/repos/DeweyReed/ClipboardCleaner/zipball/master,5,2022-10-12T03:15:13+00:00,TRUE,TRUE,master,app/src/main/AndroidManifest.xml,TRUE,10K+,3.9,3.9,5,2022-10-12T03:15:13+00:00,io.github.deweyreed.clipboardcleaner,3
Parseus,codecinfo,Parseus/codecinfo,https://github.com/Parseus/codecinfo,link,0,video decoder,146,16,Kotlin,2018-07-05T18:57:32Z,2025-09-25T12:30:46Z,master,https://api.github.com/repos/Parseus/codecinfo/zipball/master,5,2025-09-19T20:48:33+00:00,TRUE,TRUE,master,app/src/main/AndroidManifest.xml,TRUE,50K+,4.4,4.4,5,2025-09-19T20:48:33+00:00,com.parseus.codecinfo,0
ichenhe,wear-gallery,ichenhe/wear-gallery,https://github.com/ichenhe/wear-gallery,link,0,library,118,16,Kotlin,2018-12-05T07:26:29Z,2025-09-12T11:11:53Z,master,https://api.github.com/repos/ichenhe/wear-gallery/zipball/master,5,2023-01-04T15:22:27+00:00,TRUE,TRUE,master,common/src/main/AndroidManifest.xml;mobile/src/main/AndroidManifest.xml;wear/src/main/AndroidManifest.xml,TRUE,100K+,4.2,4.2,5,2023-01-04T15:22:27+00:00,cc.chenhe.weargallery,0
home-assistant,android,home-assistant/android,https://github.com/home-assistant/android,link,0,IOT,3058,810,Kotlin,2019-04-02T05:52:50Z,2025-09-29T11:06:41Z,main,https://api.github.com/repos/home-assistant/android/zipball/main,5,2025-09-28T04:19:49+00:00,TRUE,TRUE,main,app/src/main/AndroidManifest.xml,TRUE,1M+,4.4,4.4,5,2025-09-28T04:19:49+00:00,io.homeassistant.companion.android,0
michaldrabik,showly,michaldrabik/showly,https://github.com/michaldrabik/showly,link,1,movie,1243,74,Kotlin,2019-08-21T13:26:06Z,2025-09-28T16:55:04Z,master,https://api.github.com/repos/michaldrabik/showly/zipball/master,5,2025-09-28T10:23:09+00:00,TRUE,TRUE,master,app/src/main/AndroidManifest.xml,TRUE,1M+,4.4,4.4,5,2025-09-28T10:23:09+00:00,com.michaldrabik.showly2,0
trynoice,android-app,trynoice/android-app,https://github.com/trynoice/android-app,link,0,voice,987,96,Kotlin,2019-05-27T07:14:20Z,2025-09-28T02:38:17Z,main,https://api.github.com/repos/trynoice/android-app/zipball/main,5,2024-06-02T17:12:32+00:00,TRUE,TRUE,main,app/src/main/AndroidManifest.xml,TRUE,100K+,4.3,4.3,5,2024-06-02T17:12:32+00:00,com.github.ashutoshgngwr.noice,3
meshenger-app,meshenger-android,meshenger-app/meshenger-android,https://github.com/meshenger-app/meshenger-android,link,0,voice,848,131,Kotlin,2019-05-17T11:55:40Z,2025-09-23T18:10:31Z,master,https://api.github.com/repos/meshenger-app/meshenger-android/zipball/master,5,2025-08-07T20:32:14+00:00,TRUE,TRUE,master,app/src/main/AndroidManifest.xml,TRUE,10K+,4.2,4.2,5,2025-08-07T20:32:14+00:00,app.meshenger,0
ACINQ,phoenix,ACINQ/phoenix,https://github.com/ACINQ/phoenix,link,0,wallet,784,119,Kotlin,2019-06-20T17:52:39Z,2025-09-29T02:48:25Z,master,https://api.github.com/repos/ACINQ/phoenix/zipball/master,5,2025-09-25T14:34:45+00:00,TRUE,TRUE,master,phoenix-android/src/main/AndroidManifest.xml;phoenix-shared/src/androidMain/AndroidManifest.xml,TRUE,100K+,4.3,4.3,5,2025-09-25T14:34:45+00:00,fr.acinq.phoenix.mainnet,0
mickstar,Zoo-For-Zotero,mickstar/Zoo-For-Zotero,https://github.com/mickstar/Zoo-For-Zotero,link,0,library,593,53,Kotlin,2019-05-26T03:59:51Z,2025-09-26T09:26:28Z,master,https://api.github.com/repos/mickstar/Zoo-For-Zotero/zipball/master,5,2025-08-03T10:58:04+00:00,TRUE,TRUE,master,app/src/main/AndroidManifest.xml,TRUE,100K+,4.3,4.3,5,2025-08-03T10:58:04+00:00,com.mickstarify.zooforzotero,0
SamAmco,track-and-graph,SamAmco/track-and-graph,https://github.com/SamAmco/track-and-graph,link,1,healthy manager,540,46,Kotlin,2019-08-15T13:54:40Z,2025-09-25T22:51:17Z,master,https://api.github.com/repos/SamAmco/track-and-graph/zipball/master,5,2025-09-29T20:02:21+00:00,TRUE,TRUE,master,app/src/main/AndroidManifest.xml,TRUE,50K+,4.4,4.4,5,2025-09-29T20:02:21+00:00,com.samco.trackandgraph,3
Kr0oked,Compass,Kr0oked/Compass,https://github.com/Kr0oked/Compass,link,0,hardware,488,58,Kotlin,2019-04-20T10:55:16Z,2025-09-28T04:32:39Z,master,https://api.github.com/repos/Kr0oked/Compass/zipball/master,5,2025-09-27T21:58:17+00:00,TRUE,TRUE,master,app/src/main/AndroidManifest.xml,TRUE,100K+,4.6,4.6,5,2025-09-27T21:58:17+00:00,com.bobek.compass,3
kittoku,Open-SSTP-Client,kittoku/Open-SSTP-Client,https://github.com/kittoku/Open-SSTP-Client,link,0,VPN,461,117,Kotlin,2019-02-28T12:14:33Z,2025-09-29T11:34:21Z,main,https://api.github.com/repos/kittoku/Open-SSTP-Client/zipball/main,5,2025-08-21T12:06:57+00:00,TRUE,TRUE,main,app/src/main/AndroidManifest.xml,TRUE,100K+,4.2,4.2,5,2025-08-21T12:06:57+00:00,kittoku.osc,0
evilcorpltd,aTox,evilcorpltd/aTox,https://github.com/evilcorpltd/aTox,link,0,library,446,69,Kotlin,2019-05-11T16:23:15Z,2025-09-27T14:47:29Z,master,https://api.github.com/repos/evilcorpltd/aTox/zipball/master,5,2024-11-10T22:45:59+00:00,TRUE,TRUE,master,atox/src/main/AndroidManifest.xml;core/src/main/AndroidManifest.xml;domain/src/main/AndroidManifest.xml,TRUE,100K+,4,4,5,2024-11-10T22:45:59+00:00,ltd.evilcorp.atox,3
SapuSeven,BetterUntis,SapuSeven/BetterUntis,https://github.com/SapuSeven/BetterUntis,link,2,course manager,280,37,Kotlin,2019-04-11T07:01:20Z,2025-09-25T10:01:07Z,master,https://api.github.com/repos/SapuSeven/BetterUntis/zipball/master,5,2025-07-08T00:17:18+00:00,TRUE,TRUE,master,app/src/main/AndroidManifest.xml,TRUE,10K+,,,5,2025-07-08T00:17:18+00:00,com.sapuseven.untis,3
yellowbluesky,PixivforMuzei3,yellowbluesky/PixivforMuzei3,https://github.com/yellowbluesky/PixivforMuzei3,link,0,plugin,192,17,Kotlin,2019-04-27T13:08:10Z,2025-09-20T06:46:15Z,master,https://api.github.com/repos/yellowbluesky/PixivforMuzei3/zipball/master,5,2025-04-19T19:04:07+00:00,TRUE,TRUE,master,app/src/main/AndroidManifest.xml,TRUE,10K+,4.6,4.6,5,2025-04-19T19:04:07+00:00,com.antony.muzei.pixiv,3
CrazyDude1994,android-taranis-smartport-telemetry,CrazyDude1994/android-taranis-smartport-telemetry,https://github.com/CrazyDude1994/android-taranis-smartport-telemetry,link,0,hardware,153,46,Kotlin,2019-02-27T23:48:22Z,2025-08-18T11:06:55Z,master,https://api.github.com/repos/CrazyDude1994/android-taranis-smartport-telemetry/zipball/master,5,2021-07-31T14:10:45+00:00,TRUE,TRUE,master,app/src/main/AndroidManifest.xml,TRUE,10K+,4.4,4.4,5,2021-07-31T14:10:45+00:00,crazydude.com.telemetry,0
SimpleAppProjects,SimpleWear,SimpleAppProjects/SimpleWear,https://github.com/SimpleAppProjects/SimpleWear,link,0,IOT,135,41,Kotlin,2019-07-16T19:12:15Z,2025-09-25T05:13:10Z,master,https://api.github.com/repos/SimpleAppProjects/SimpleWear/zipball/master,5,2025-05-26T07:17:00+00:00,TRUE,TRUE,master,hidden-api/src/main/AndroidManifest.xml;mobile/src/main/AndroidManifest.xml;shared_resources/src/main/AndroidManifest.xml;unofficialtileapi/src/main/AndroidManifest.xml;wear/src/main/AndroidManifest.xml;wearsettings/src/main/AndroidManifest.xml,TRUE,100K+,4,4,5,2025-05-26T07:17:00+00:00,com.thewizrd.simplewear,0
android,compose-samples,android/compose-samples,https://github.com/android/compose-samples,link,0,demo,22307,5240,Kotlin,2019-09-27T09:51:19Z,2025-09-29T02:29:17Z,main,https://api.github.com/repos/android/compose-samples/zipball/main,5,2024-01-24T22:28:49+00:00,TRUE,TRUE,main,JetLagged/app/src/main/AndroidManifest.xml;JetNews/app/src/main/AndroidManifest.xml;Jetcaster/core/data-testing/src/main/AndroidManifest.xml;Jetcaster/core/data/src/main/AndroidManifest.xml;Jetcaster/core/designsystem/src/main/AndroidManifest.xml;Jetcaster/core/domain-testing/src/main/AndroidManifest.xml;Jetcaster/core/domain/src/main/AndroidManifest.xml;Jetcaster/glancewidget/src/main/AndroidManifest.xml;Jetcaster/mobile/src/main/AndroidManifest.xml;Jetcaster/tv/src/main/AndroidManifest.xml;Jetcaster/wear/src/main/AndroidManifest.xml;Jetchat/app/src/androidTest/AndroidManifest.xml;Jetchat/app/src/main/AndroidManifest.xml;Jetsnack/app/src/main/AndroidManifest.xml;Reply/app/src/main/AndroidManifest.xml,TRUE,100K+,3.8,3.8,5,2024-01-24T22:28:49+00:00,com.google.samples.apps.nowinandroid,0
z-huang,InnerTune,z-huang/InnerTune,https://github.com/z-huang/InnerTune,link,1,music,5664,363,Kotlin,2020-02-11T03:02:58Z,2025-09-29T06:19:12Z,dev,https://api.github.com/repos/z-huang/InnerTune/zipball/dev,5,2024-09-01T15:22:41+00:00,TRUE,TRUE,dev,app/src/main/AndroidManifest.xml,TRUE,100K+,4.2,4.2,5,2024-09-01T15:22:41+00:00,com.arn.scrobble,0
Swordfish90,Lemuroid,Swordfish90/Lemuroid,https://github.com/Swordfish90/Lemuroid,link,0,emulator,3391,212,Kotlin,2019-12-09T13:55:34Z,2025-09-29T07:24:50Z,master,https://api.github.com/repos/Swordfish90/Lemuroid/zipball/master,5,2024-10-22T17:04:08+00:00,TRUE,TRUE,master,baselineprofile/src/main/AndroidManifest.xml;lemuroid-app-ext-free/src/main/AndroidManifest.xml;lemuroid-app-ext-play/src/main/AndroidManifest.xml;lemuroid-app/src/main/AndroidManifest.xml;lemuroid-metadata-libretro-db/src/main/AndroidManifest.xml;lemuroid-touchinput/src/main/AndroidManifest.xml;retrograde-app-shared/src/main/AndroidManifest.xml;retrograde-util/src/main/AndroidManifest.xml,TRUE,1M+,4,4,5,2024-10-22T17:04:08+00:00,com.swordfish.lemuroid,3
kylecorry31,Trail-Sense,kylecorry31/Trail-Sense,https://github.com/kylecorry31/Trail-Sense,link,0,hardware,2213,129,Kotlin,2019-10-14T22:10:03Z,2025-09-29T05:23:59Z,main,https://api.github.com/repos/kylecorry31/Trail-Sense/zipball/main,5,2025-09-23T23:19:08+00:00,TRUE,TRUE,main,app/src/main/AndroidManifest.xml,TRUE,100K+,4.6,4.6,5,2025-09-23T23:19:08+00:00,com.kylecorry.trail_sense,3
zacharee,Tweaker,zacharee/Tweaker,https://github.com/zacharee/Tweaker,link,0,library,1428,229,Kotlin,2019-11-14T21:04:50Z,2025-09-29T05:02:12Z,master,https://api.github.com/repos/zacharee/Tweaker/zipball/master,5,2024-02-17T00:46:23+00:00,TRUE,TRUE,master,app/src/main/AndroidManifest.xml,TRUE,1M+,3.7,3.7,5,2024-02-17T00:46:23+00:00,com.zacharee1.systemuituner,0
lucasnlm,antimine-android,lucasnlm/antimine-android,https://github.com/lucasnlm/antimine-android,link,0,game,735,96,Kotlin,2020-02-07T01:41:43Z,2025-09-29T01:21:31Z,main,https://api.github.com/repos/lucasnlm/antimine-android/zipball/main,5,2023-10-04T02:43:07+00:00,TRUE,TRUE,main,app/src/main/AndroidManifest.xml,TRUE,100K+,3.9,3.9,5,2023-10-04T02:43:07+00:00,com.logical.minato,0
simple-login,Simple-Login-Android,simple-login/Simple-Login-Android,https://github.com/simple-login/Simple-Login-Android,link,0,plugin,443,46,Kotlin,2020-03-03T12:33:31Z,2025-09-26T01:06:15Z,master,https://api.github.com/repos/simple-login/Simple-Login-Android/zipball/master,5,2024-07-01T06:10:18+00:00,TRUE,TRUE,master,SimpleLogin/app/src/main/AndroidManifest.xml,TRUE,100K+,4.3,4.3,5,2024-07-01T06:10:18+00:00,io.simplelogin.android,0
zend10,AL-chan,zend10/AL-chan,https://github.com/zend10/AL-chan,link,1,video platform,297,15,Kotlin,2020-02-05T14:28:56Z,2025-09-22T15:39:02Z,master,https://api.github.com/repos/zend10/AL-chan/zipball/master,5,2024-08-25T05:50:58+00:00,TRUE,TRUE,master,app/src/main/AndroidManifest.xml,TRUE,100K+,3.9,3.9,5,2024-08-25T05:50:58+00:00,com.zen.alchan,0
pantasystem,Milktea,pantasystem/Milktea,https://github.com/pantasystem/Milktea,link,2,,268,20,Kotlin,2019-10-07T15:36:16Z,2025-09-11T23:50:17Z,develop,https://api.github.com/repos/pantasystem/Milktea/zipball/develop,5,2024-09-19T14:54:37+00:00,TRUE,TRUE,develop,app/src/main/AndroidManifest.xml,TRUE,50K+,3.2,3.2,5,2024-09-19T14:54:37+00:00,jp.panta.misskeyandroidclient,0
adriangl,pict2cam,adriangl/pict2cam,https://github.com/adriangl/pict2cam,link,0,plugin,264,29,Kotlin,2019-12-09T22:41:39Z,2025-09-28T06:02:29Z,develop,https://api.github.com/repos/adriangl/pict2cam/zipball/develop,5,2023-08-31T15:01:20+00:00,TRUE,TRUE,develop,app/src/main/AndroidManifest.xml,TRUE,100K+,2.8,2.8,5,2023-08-31T15:01:20+00:00,com.adriangl.pict2cam,0
cliuff,boundo,cliuff/boundo,https://github.com/cliuff/boundo,link,0,plugin,254,10,Kotlin,2020-01-05T08:55:04Z,2025-09-24T08:30:03Z,main,https://api.github.com/repos/cliuff/boundo/zipball/main,5,2025-09-04T13:41:26+00:00,TRUE,TRUE,main,app/src/main/AndroidManifest.xml,TRUE,50K+,4.1,4.1,5,2025-09-04T13:41:26+00:00,com.madness.collision,0
JLindemann42,Atomic-Periodic-Table.Android,JLindemann42/Atomic-Periodic-Table.Android,https://github.com/JLindemann42/Atomic-Periodic-Table.Android,link,1,chemistry,198,5,Kotlin,2020-01-10T22:21:55Z,2025-09-22T01:48:56Z,master,https://api.github.com/repos/JLindemann42/Atomic-Periodic-Table.Android/zipball/master,5,2025-08-05T19:37:11+00:00,TRUE,TRUE,master,app/src/main/AndroidManifest.xml,TRUE,50K+,4.4,4.4,5,2025-08-05T19:37:11+00:00,com.jlindemann.science,0
More-Than-Solitaire,Tabs-Lite,More-Than-Solitaire/Tabs-Lite,https://github.com/More-Than-Solitaire/Tabs-Lite,link,1,music manager,112,10,Kotlin,2020-03-21T20:39:39Z,2025-09-29T05:42:22Z,master,https://api.github.com/repos/More-Than-Solitaire/Tabs-Lite/zipball/master,5,2025-05-19T17:59:28+00:00,TRUE,TRUE,master,app/src/main/AndroidManifest.xml,TRUE,10K+,4.4,4.4,5,2025-05-19T17:59:28+00:00,com.gbros.tabslite,0
tanujnotes,Olauncher,tanujnotes/Olauncher,https://github.com/tanujnotes/Olauncher,link,0,home app,2951,337,Kotlin,2020-07-10T13:16:58Z,2025-09-29T08:37:57Z,master,https://api.github.com/repos/tanujnotes/Olauncher/zipball/master,5,2025-03-06T07:19:46+00:00,TRUE,TRUE,master,app/src/main/AndroidManifest.xml,TRUE,1M+,4.9,4.9,5,2025-03-06T07:19:46+00:00,app.olauncher,3
Nain57,Smart-AutoClicker,Nain57/Smart-AutoClicker,https://github.com/Nain57/Smart-AutoClicker,link,0,plugin,2753,484,Kotlin,2020-08-30T13:07:58Z,2025-09-29T08:07:01Z,master,https://api.github.com/repos/Nain57/Smart-AutoClicker/zipball/master,5,2025-09-13T09:23:55+00:00,TRUE,TRUE,master,core/common/actions/src/main/AndroidManifest.xml;core/common/android/src/main/AndroidManifest.xml;core/common/base/src/main/AndroidManifest.xml;core/common/bitmaps/src/main/AndroidManifest.xml;core/common/display/src/main/AndroidManifest.xml;core/common/overlays/src/main/AndroidManifest.xml;core/common/permissions/src/main/AndroidManifest.xml;core/common/quality/src/main/AndroidManifest.xml;core/common/settings/src/main/AndroidManifest.xml;core/common/ui/src/main/AndroidManifest.xml;core/dumb/src/main/AndroidManifest.xml;core/smart/database/src/main/AndroidManifest.xml;core/smart/detection/src/main/AndroidManifest.xml;core/smart/domain/src/main/AndroidManifest.xml;core/smart/processing/src/main/AndroidManifest.xml;feature/backup/src/main/AndroidManifest.xml;feature/dumb-config/src/main/AndroidManifest.xml;feature/notifications/src/main/AndroidManifest.xml;feature/quick-settings-tile/src/main/AndroidManifest.xml;feature/revenue/src/main/AndroidManifest.xml,TRUE,100K+,4.2,4.2,5,2025-09-13T09:23:55+00:00,com.buzbuz.smartautoclicker,3
jellyfin,jellyfin-android,jellyfin/jellyfin-android,https://github.com/jellyfin/jellyfin-android,link,1,video platform,2089,334,Kotlin,2020-07-21T11:33:44Z,2025-09-29T09:23:23Z,master,https://api.github.com/repos/jellyfin/jellyfin-android/zipball/master,5,2025-05-16T19:44:21+00:00,TRUE,TRUE,master,app/src/main/AndroidManifest.xml,TRUE,1M+,4.2,4.2,5,2025-05-16T19:44:21+00:00,org.jellyfin.mobile,3
flipperdevices,Flipper-Android-App,flipperdevices/Flipper-Android-App,https://github.com/flipperdevices/Flipper-Android-App,link,0,hardware,1904,251,Kotlin,2020-08-17T18:40:10Z,2025-09-28T19:47:12Z,dev,https://api.github.com/repos/flipperdevices/Flipper-Android-App/zipball/dev,5,2025-07-15T15:26:00+00:00,TRUE,TRUE,dev,components/analytics/shake2report/impl/src/main/AndroidManifest.xml;components/bridge/connection/sample/android/src/androidMain/AndroidManifest.xml;components/bridge/connection/sample/shared/src/androidMain/AndroidManifest.xml;components/bridge/connection/transport/ble/impl/src/androidMain/AndroidManifest.xml;components/core/ktx/src/androidMain/AndroidManifest.xml;components/core/share/src/androidMain/AndroidManifest.xml;components/deeplink/impl/src/main/AndroidManifest.xml;components/faphub/installation/manifest/impl/src/main/AndroidManifest.xml;components/firstpair/connection/api/src/main/AndroidManifest.xml;components/firstpair/connection/impl/src/main/AndroidManifest.xml;components/firstpair/impl/src/main/AndroidManifest.xml;components/keyscreen/impl/src/main/AndroidManifest.xml;components/nfceditor/sample/src/main/AndroidManifest.xml;components/notification/impl/src/main/AndroidManifest.xml;components/selfupdater/thirdparty/api/src/main/AndroidManifest.xml;components/updater/downloader/src/main/AndroidManifest.xml;components/wearable/emulate/handheld/impl/src/main/AndroidManifest.xml;components/widget/impl/src/main/AndroidManifest.xml;instances/android/app/src/main/AndroidManifest.xml;instances/android/baselineprofile/src/main/AndroidManifest.xml,TRUE,1M+,4.6,4.6,5,2025-07-15T15:26:00+00:00,com.flipperdevices.app,3
leonlatsch,Photok,leonlatsch/Photok,https://github.com/leonlatsch/Photok,link,0,need password,723,61,Kotlin,2020-08-12T18:33:56Z,2025-09-29T08:45:56Z,develop,https://api.github.com/repos/leonlatsch/Photok/zipball/develop,5,2025-09-25T11:03:35+00:00,TRUE,TRUE,develop,app/src/main/AndroidManifest.xml,TRUE,10K+,3.7,3.7,5,2025-09-25T11:03:35+00:00,dev.leonlatsch.photok,3
traccar,traccar-sms-gateway,traccar/traccar-sms-gateway,https://github.com/traccar/traccar-sms-gateway,link,0,plugin,666,123,Kotlin,2020-07-12T01:41:23Z,2025-09-22T04:30:02Z,master,https://api.github.com/repos/traccar/traccar-sms-gateway/zipball/master,5,2025-07-02T18:21:21+00:00,TRUE,TRUE,master,app/src/main/AndroidManifest.xml,TRUE,10K+,3.6,3.6,5,2025-07-02T18:21:21+00:00,org.traccar.gateway,0
axiel7,MoeList,axiel7/MoeList,https://github.com/axiel7/MoeList,link,1,movie,598,21,Kotlin,2020-08-02T13:01:49Z,2025-09-29T03:53:20Z,master,https://api.github.com/repos/axiel7/MoeList/zipball/master,5,2025-06-13T11:52:57+00:00,TRUE,TRUE,master,app/src/main/AndroidManifest.xml,TRUE,100K+,4.2,4.2,5,2025-06-13T11:52:57+00:00,com.axiel7.moelist,0
LivingWithHippos,unchained-android,LivingWithHippos/unchained-android,https://github.com/LivingWithHippos/unchained-android,link,0,data protector,520,57,Kotlin,2020-07-03T08:00:31Z,2025-09-29T12:10:41Z,master,https://api.github.com/repos/LivingWithHippos/unchained-android/zipball/master,5,2025-06-25T13:18:45+00:00,TRUE,TRUE,master,app/app/src/main/AndroidManifest.xml,TRUE,10K+,4.5,4.5,5,2025-06-25T13:18:45+00:00,com.github.livingwithhippos.unchained,3
hushenghao,AndroidEasterEggs,hushenghao/AndroidEasterEggs,https://github.com/hushenghao/AndroidEasterEggs,link,0,home app,975,49,Kotlin,2020-10-23T13:28:40Z,2025-09-29T01:35:02Z,main,https://api.github.com/repos/hushenghao/AndroidEasterEggs/zipball/main,5,2025-08-25T07:49:46+00:00,TRUE,TRUE,main,app/src/main/AndroidManifest.xml,TRUE,100K+,4.9,4.9,5,2025-08-25T07:49:46+00:00,com.dede.android_eggs,3
fingerprintjs,fingerprintjs-android,fingerprintjs/fingerprintjs-android,https://github.com/fingerprintjs/fingerprintjs-android,link,0,hardware,652,99,Kotlin,2020-10-20T14:46:34Z,2025-09-24T09:32:36Z,main,https://api.github.com/repos/fingerprintjs/fingerprintjs-android/zipball/main,5,2024-12-10T10:40:14+00:00,TRUE,TRUE,main,app/src/main/AndroidManifest.xml,TRUE,100K+,4.4,4.4,5,2024-12-10T10:40:14+00:00,com.fingerprintjs.android.playground,0
syt0r,Kanji-Dojo,syt0r/Kanji-Dojo,https://github.com/syt0r/Kanji-Dojo,link,1,translator,533,33,Kotlin,2020-12-27T20:03:51Z,2025-09-26T03:46:02Z,develop,https://api.github.com/repos/syt0r/Kanji-Dojo/zipball/develop,5,2025-08-12T13:54:49+00:00,TRUE,TRUE,develop,app/src/main/AndroidManifest.xml,TRUE,50K+,4.7,4.7,5,2025-08-12T13:54:49+00:00,ua.syt0r.kanji,0
wa2c,cifs-documents-provider,wa2c/cifs-documents-provider,https://github.com/wa2c/cifs-documents-provider,link,0,file shared,413,39,Kotlin,2020-11-01T18:18:56Z,2025-09-27T12:01:17Z,main,https://api.github.com/repos/wa2c/cifs-documents-provider/zipball/main,5,2025-05-12T17:07:13+00:00,TRUE,TRUE,main,app/src/main/AndroidManifest.xml,TRUE,10K+,4.3,4.3,5,2025-05-12T17:07:13+00:00,com.wa2c.android.cifsdocumentsprovider,3
Hamza417,Inure,Hamza417/Inure,https://github.com/Hamza417/Inure,link,0,library,1487,70,Kotlin,2021-03-07T18:31:46Z,2025-09-28T19:31:56Z,master,https://api.github.com/repos/Hamza417/Inure/zipball/master,5,2025-09-27T10:32:52+00:00,TRUE,TRUE,master,app/src/main/AndroidManifest.xml,TRUE,50K+,4.8,4.8,5,2025-09-27T10:32:52+00:00,app.simple.inureunlocker,0
gujjwal00,avnc,gujjwal00/avnc,https://github.com/gujjwal00/avnc,link,0,plugin,911,88,Kotlin,2021-01-31T05:48:39Z,2025-09-28T22:48:36Z,master,https://api.github.com/repos/gujjwal00/avnc/zipball/master,5,2025-09-22T02:12:29+00:00,TRUE,TRUE,master,app/src/main/AndroidManifest.xml,TRUE,10K+,4.7,4.7,5,2025-09-22T02:12:29+00:00,com.gaurav.avnc,3
yogeshpaliyal,KeyPass,yogeshpaliyal/KeyPass,https://github.com/yogeshpaliyal/KeyPass,link,0,plugin,738,95,Kotlin,2021-01-31T16:34:20Z,2025-09-24T12:49:19Z,master,https://api.github.com/repos/yogeshpaliyal/KeyPass/zipball/master,5,2025-09-03T04:22:56+00:00,TRUE,TRUE,master,app/src/main/AndroidManifest.xml,TRUE,10K+,4.3,4.3,5,2025-09-03T04:22:56+00:00,com.yogeshpaliyal.keypass,3
joaomgcd,TaskerSettings,joaomgcd/TaskerSettings,https://github.com/joaomgcd/TaskerSettings,link,0,plugin,469,14,Kotlin,2021-01-27T15:08:33Z,2025-09-27T00:49:30Z,main,https://api.github.com/repos/joaomgcd/TaskerSettings/zipball/main,5,2024-11-29T14:20:22+00:00,TRUE,TRUE,main,app/src/main/AndroidManifest.xml,TRUE,100K+,4.4,4.4,5,2024-11-29T14:20:22+00:00,com.joaomgcd.autotools,0
fcitx5-android,fcitx5-android,fcitx5-android/fcitx5-android,https://github.com/fcitx5-android/fcitx5-android,link,0,library,4242,239,Kotlin,2021-06-10T13:53:32Z,2025-09-29T12:18:15Z,master,https://api.github.com/repos/fcitx5-android/fcitx5-android/zipball/master,5,2025-03-16T07:09:42+00:00,TRUE,TRUE,master,app/src/main/AndroidManifest.xml,TRUE,50K+,4.3,4.3,5,2025-03-16T07:09:42+00:00,org.fcitx.fcitx5.android,12
jarnedemeulemeester,findroid,jarnedemeulemeester/findroid,https://github.com/jarnedemeulemeester/findroid,link,0,plugin,3378,218,Kotlin,2021-05-29T08:48:24Z,2025-09-29T10:36:04Z,main,https://api.github.com/repos/jarnedemeulemeester/findroid/zipball/main,5,2024-10-03T07:27:01+00:00,TRUE,TRUE,main,app/phone/src/main/AndroidManifest.xml;app/tv/src/main/AndroidManifest.xml,TRUE,50K+,4.4,4.4,5,2024-10-03T07:27:01+00:00,dev.jdtech.jellyfin,2
OlauncherCF,OlauncherCF,OlauncherCF/OlauncherCF,https://github.com/OlauncherCF/OlauncherCF,link,0,plugin,216,43,Kotlin,2021-07-19T09:20:05Z,2025-09-09T22:41:56Z,main,https://api.github.com/repos/OlauncherCF/OlauncherCF/zipball/main,5,2024-03-02T10:58:47+00:00,TRUE,TRUE,main,app/src/main/AndroidManifest.xml,TRUE,1M+,4.9,4.9,5,2024-03-02T10:58:47+00:00,app.olauncher,3
ergoplatform,ergo-wallet-app,ergoplatform/ergo-wallet-app,https://github.com/ergoplatform/ergo-wallet-app,link,0,wallet,107,35,Kotlin,2021-06-11T17:48:41Z,2025-08-01T20:44:23Z,develop,https://api.github.com/repos/ergoplatform/ergo-wallet-app/zipball/develop,5,2023-08-29T18:09:14+00:00,TRUE,TRUE,develop,android/src/main/AndroidManifest.xml,TRUE,50K+,4.6,4.6,5,2023-08-29T18:09:14+00:00,org.ergoplatform.android,0
binwiederhier,ntfy-android,binwiederhier/ntfy-android,https://github.com/binwiederhier/ntfy-android,link,0,plugin,765,178,Kotlin,2021-10-26T01:20:40Z,2025-09-29T07:48:41Z,main,https://api.github.com/repos/binwiederhier/ntfy-android/zipball/main,5,2025-09-20T14:34:24+00:00,TRUE,TRUE,main,app/src/main/AndroidManifest.xml,TRUE,50K+,4.8,4.8,5,2025-09-20T14:34:24+00:00,io.heckel.ntfy,3
pakka-papad,Zen,pakka-papad/Zen,https://github.com/pakka-papad/Zen,link,1,music,242,19,Kotlin,2022-09-20T21:08:36Z,2025-09-19T23:32:18Z,main,https://api.github.com/repos/pakka-papad/Zen/zipball/main,5,2025-01-26T18:47:54+00:00,TRUE,TRUE,main,app/src/main/AndroidManifest.xml,TRUE,10K+,4.4,4.4,5,2025-01-26T18:47:54+00:00,com.github.pakka_papad,0
Fabi019,hid-barcode-scanner,Fabi019/hid-barcode-scanner,https://github.com/Fabi019/hid-barcode-scanner,link,0,hardware,160,22,Kotlin,2022-09-25T11:56:07Z,2025-09-27T11:12:23Z,main,https://api.github.com/repos/Fabi019/hid-barcode-scanner/zipball/main,5,2025-10-01T08:48:19+00:00,TRUE,TRUE,main,app/src/main/AndroidManifest.xml,TRUE,50K+,4.3,4.3,5,2025-10-01T08:48:19+00:00,dev.fabik.bluetoothhid,0